date,lithology_alpha,lithology_bravo,lithology_charlie,lithology_delta,lithology_echo,lithology_foxtrot,lithology_golf,quality_massive,quality_jointed,quality_brecciated,feed_tonnes
2032-01-01,6243.631,10901.855,1711.083,8869.22,595.593,11987.69,3457.031,13180.33,28611.301,1974.471,43766.102
2032-01-02,3973.689,13446.314,3971.594,12682.431,661.752,10842.353,3443.68,19041.932,17895.547,12084.333,49021.812
2032-01-03,10148.463,8716.082,3588.649,12665.656,835.66,7841.852,3777.628,16664.942,12864.205,18044.842,47573.99
2032-01-04,7206.995,13734.069,7832.082,3294.446,8641.665,703.675,2713.919,24873.705,13662.95,5590.198,44126.853
2032-01-05,11700.731,16995.583,1110.552,10291.949,686.323,5436.213,109.648,35422.765,4157.536,6750.698,46330.999
2032-01-06,7206.393,2550.379,734.677,5174.788,6612.791,5870.744,3884.402,3951.156,23144.476,4938.542,32034.174
2032-01-07,2190.62,2108.674,7212.032,3246.416,10192.102,4106.13,3800.473,7675.462,16275.094,8905.891,32856.447
2032-01-08,1751.112,18346.236,6971.037,5244.938,4754.485,12125.185,1074.823,14641.562,28227.45,7398.803,50267.815
2032-01-09,9468.22,6784.815,2935.681,7743.963,510.303,10007.929,4394.448,13261.61,23822.402,4761.347,41845.36
2032-01-10,2985.123,6595.992,1678.125,14323.448,515.105,11340.933,4124.443,5809.234,18463.024,17290.91,41563.168
2032-01-11,6864.909,8527.034,7316.443,7273.075,2958.841,2388.283,1343.037,16475.779,10299.791,9896.051,36671.622
2032-01-12,13593.641,7775.937,4765.838,6181.556,444.296,7580.42,4504.749,6889.876,21915.49,16041.07,44846.437
2032-01-13,6397.55,13173.704,4000.202,5909.309,2174.958,5924.292,11272.177,16109.416,15951.624,16791.152,48852.192
2032-01-14,7645.779,9336.883,5895.245,13572.12,3247.053,3924.016,5556.082,20739.638,25816.583,2620.957,49177.178
2032-01-15,8744.158,9069.046,11754.702,3845.18,5987.099,4369.926,2404.785,18504.171,19223.248,8447.476,46174.895
2032-01-16,7224.923,17510.07,3036.135,8375.465,2556.216,1019.995,6400.873,8923.325,9711.077,27489.277,46123.678
2032-01-17,6761.965,6389.5,2664.121,8090.382,12856.775,6031.474,2424.788,19582.58,8391.964,17244.462,45219.005
2032-01-18,18933.644,8100.295,4624.491,3610.619,4225.719,11213.162,4476.879,30732.883,14980.943,9470.981,55184.808
2032-01-19,2412.184,8755.408,3135.069,3442.594,6768.827,9204.272,941.999,10144.864,21860.154,2655.334,34660.352
2032-01-20,3836.22,5580.488,6347.424,7810.062,711.683,14920.035,7056.517,21998.69,13541.229,10722.509,46262.428
2032-01-21,9396.93,14553.919,2674.334,6303.888,4400.435,3200.372,1495.288,22932.17,8257.456,10835.539,42025.165
2032-01-22,13689.097,6622.101,3611.106,8525.968,7602.456,10711.837,804.561,32871.309,13281.298,5414.52,51567.127
2032-01-23,8424.169,8823.107,4245.031,12925.393,7363.849,1309.782,1996.233,7898.792,11453.198,25735.574,45087.565
2032-01-24,10274.994,8071.414,3516.951,10396.181,6364.103,312.667,2849.695,11260.828,16449.048,14076.13,41786.005
2032-01-25,3063.441,7034.871,14813.572,11137.547,3122.293,5399.087,1657.245,9926.446,23579.847,12721.762,46228.055
2032-01-26,2955.422,4707.366,9221.561,11437.502,1704.925,5411.527,10497.801,11369.0,30002.552,4564.553,45936.105
2032-01-27,10143.677,12065.756,12762.405,4531.034,2230.031,14277.701,5989.394,23721.227,16589.718,21689.054,62000.0
2032-01-28,6748.242,14834.831,10319.588,7839.731,1610.358,10914.499,4446.513,21241.324,20859.254,14613.185,56713.762
2032-01-29,7213.174,10038.475,13714.105,12532.417,4603.117,1536.903,2830.254,17092.271,28142.575,7233.599,52468.445
2032-01-30,9496.96,12794.234,5251.781,8034.13,782.794,6973.355,1257.449,30076.684,14345.614,168.403,44590.701
2032-01-31,18653.036,5093.122,8548.3,2334.159,5029.64,1811.805,700.111,10819.466,25996.798,5353.909,42170.173
2032-02-01,3822.062,9503.484,1530.147,7609.131,3724.992,15338.221,2842.789,15663.526,9135.066,19572.234,44370.826
2032-02-02,10665.845,13044.812,2143.253,11150.992,1011.447,2364.848,280.795,7874.078,18704.488,14083.425,40661.991
2032-02-03,8715.998,9669.236,3916.862,8654.602,1138.69,1191.472,5772.417,20006.501,17725.285,1327.491,39059.277
2032-02-04,5670.175,5382.947,3304.279,12914.774,15800.117,2093.986,8159.093,18646.56,14072.717,20606.092,53325.37
2032-02-05,2851.328,6919.009,1596.34,7854.092,15768.11,2130.843,5655.337,29887.868,6765.161,6122.031,42775.06
2032-02-06,4775.811,18868.68,13049.958,13515.184,853.88,5804.083,1552.376,8508.918,26690.114,23220.94,58419.972
2032-02-07,17851.725,9683.661,3093.809,7559.962,677.889,10934.925,583.003,7309.157,30209.578,12866.239,50384.973
2032-02-08,6359.763,3190.704,4196.545,14986.189,1658.762,10797.928,1045.698,13419.651,23317.458,5498.48,42235.589
2032-02-09,14490.339,10258.201,16693.895,3676.941,264.524,1142.686,4997.732,11712.111,32288.502,7523.704,51524.317
2032-02-10,10481.074,9328.361,8677.576,9623.028,3554.322,3005.158,8072.543,19672.812,27501.323,5567.927,52742.062
2032-02-11,3770.582,8924.014,1846.196,16475.227,2379.133,5343.62,15396.433,10408.717,25126.044,18600.446,54135.207
2032-02-12,9461.028,20011.422,3987.444,3296.391,749.479,10499.678,851.78,28476.15,5899.784,14481.288,48857.223
2032-02-13,8242.212,9088.021,3476.357,15417.841,4618.031,807.959,3276.311,19027.298,23398.867,2500.568,44926.733
2032-02-14,4005.751,16416.896,6027.715,7562.565,3669.984,424.126,1048.144,24233.451,12963.269,1958.462,39155.182
2032-02-15,6169.357,10709.487,1184.637,13471.884,1231.521,9494.12,4602.036,8926.342,27755.681,10181.019,46863.042
2032-02-16,4932.083,19740.215,8550.905,17650.973,475.23,2259.236,496.76,20759.442,22212.428,11133.533,54105.403
2032-02-17,3170.537,5678.842,12204.393,5449.747,839.514,2412.532,5318.824,10449.67,11121.458,13503.26,35074.388
2032-02-18,4414.54,7529.149,1121.301,6389.49,11145.558,12752.956,6764.315,15629.051,15342.612,19145.647,50117.31
2032-02-19,9015.126,15392.114,580.166,5743.544,9666.173,10034.338,814.883,8551.645,22856.446,19838.254,51246.345
2032-02-20,14750.175,12288.404,5058.926,8497.512,2072.297,1940.347,1338.683,16605.524,19852.991,9487.829,45946.344
2032-02-21,3274.039,6616.204,1652.356,8899.686,1041.661,17695.875,2182.534,5703.452,11772.209,23886.692,41362.354
2032-02-22,6357.046,5955.324,4321.091,4476.194,1531.958,13300.933,3409.161,11560.146,21586.331,6205.229,39351.706
2032-02-23,8164.995,9537.961,1332.693,13993.139,587.226,8997.437,4881.293,19810.482,19983.101,7701.162,47494.744
2032-02-24,11917.207,4657.139,9798.657,4680.3,2280.262,5072.901,2467.144,6474.575,19299.825,15099.208,40873.608
2032-02-25,7968.898,4770.227,3623.346,4870.715,4321.281,4008.985,7096.442,12206.694,12982.948,11470.252,36659.895
2032-02-26,14079.472,5227.606,14583.27,5508.343,4098.416,3307.581,4971.313,10538.03,21940.373,19297.599,51776.002
2032-02-27,5434.839,10201.789,6581.958,2858.536,6946.088,6047.779,6578.723,21699.313,10764.999,12185.4,44649.712
2032-02-28,8580.28,6118.174,12101.102,6242.599,2346.851,12431.822,344.619,17936.942,20510.209,9718.295,48165.446
2032-02-29,8227.997,6119.754,1795.338,12317.573,1350.411,5605.906,1027.822,17381.634,11463.992,7599.175,36444.801
2032-03-01,4183.59,1415.11,4932.802,21593.379,3773.886,7661.486,2903.522,2983.697,25779.459,17700.619,46463.775
2032-03-02,6952.104,12868.491,1742.941,11990.233,4928.44,4437.465,792.651,14706.053,14562.58,14443.692,43712.325
2032-03-03,7963.728,26438.75,4262.004,8614.72,5226.641,1768.126,5720.976,12817.427,38673.083,8504.435,59994.945
2032-03-04,5130.574,14987.337,1437.916,5619.241,842.555,5954.323,7856.662,16307.151,14275.056,11246.4,41828.607
2032-03-05,5193.097,8089.59,18722.005,4338.249,3913.916,11688.862,1156.322,13688.169,30405.915,9007.956,53102.041
2032-03-06,5025.64,13206.874,1625.579,13362.946,7651.85,3639.396,411.751,16991.517,5704.253,22228.266,44924.036
2032-03-07,8796.577,7075.732,11222.575,19971.376,2799.871,2144.403,2419.199,19855.867,29101.298,5472.569,54429.733
2032-03-08,5741.839,17168.13,1271.903,4361.836,3931.218,7571.754,3046.866,19024.637,17880.844,6188.065,43093.546
2032-03-09,2112.897,10395.44,3464.897,19322.535,1401.977,7607.663,4209.391,8116.273,23862.155,16536.372,48514.8
2032-03-10,2751.789,12543.674,3415.703,8902.405,296.49,9875.169,3038.685,14744.853,23752.915,2326.147,40823.915
2032-03-11,5632.85,9936.695,9112.384,6959.122,10767.13,3978.445,6480.114,22263.768,21653.532,8949.44,52866.741
2032-03-12,12049.709,7731.598,2989.449,2448.807,3408.745,2414.358,927.886,10787.216,15451.584,5731.752,31970.552
2032-03-13,6827.313,8047.361,2102.629,6908.385,1225.21,10451.677,2419.421,18248.32,16388.542,3345.135,37981.997
2032-03-14,7002.606,6806.335,2542.161,13365.272,10191.424,6055.717,1551.788,12312.862,26256.91,8945.533,47515.304
2032-03-15,4315.246,30904.342,6430.055,5341.696,1173.342,4389.811,2482.228,27211.367,22069.191,5756.163,55036.722
2032-03-16,11463.641,13910.823,3067.564,3341.792,2382.715,4211.952,5485.296,16201.72,24439.541,3222.523,43863.784
2032-03-17,3078.667,5843.416,2080.613,15948.889,7386.221,3206.504,2147.338,22280.522,11117.034,6294.092,39691.648
2032-03-18,15685.576,8741.744,3611.262,2034.865,972.039,3671.263,6840.811,11491.199,24581.266,5485.095,41557.56
2032-03-19,8949.573,16912.703,6786.276,4344.438,4690.41,8894.021,1154.42,34434.829,14080.253,3216.757,51731.84
2032-03-20,9873.034,1797.602,5857.099,10373.259,13695.287,6728.461,1223.629,15200.18,26479.515,7868.675,49548.371
2032-03-21,16675.147,10969.979,12877.361,6229.446,2882.257,6107.965,1334.811,13738.246,24792.67,18546.052,57076.967
2032-03-22,6495.842,6913.185,1630.029,8015.132,4828.107,7004.514,7161.15,11357.381,20215.823,10474.756,42047.959
2032-03-23,6259.111,18339.668,1491.734,7815.426,4352.798,5666.638,3427.628,14231.179,17088.657,16033.167,47353.002
2032-03-24,8163.967,10714.942,12447.866,7944.253,5825.004,2073.694,2584.828,25398.473,13277.919,11078.161,49754.554
2032-03-25,3402.594,12722.403,4263.951,8845.247,1098.557,1204.539,17752.581,16253.117,22205.049,10831.706,49289.872
2032-03-26,7712.478,9523.739,8774.851,9249.909,5150.962,3712.353,1248.968,12765.598,31811.329,796.332,45373.259
2032-03-27,9290.025,12180.331,4076.672,5261.869,205.487,9316.231,994.51,9124.126,24877.208,7323.79,41325.123
2032-03-28,8991.629,7729.206,5071.395,6408.709,232.3,5846.183,6186.791,2082.085,20039.453,18344.675,40466.213
2032-03-29,4523.198,6225.322,4319.239,5633.859,688.912,16030.453,2541.821,11646.017,17531.243,10785.544,39962.804
2032-03-30,7817.141,4715.609,9742.997,4765.777,259.034,6762.622,6952.968,27844.499,11130.409,2041.24,41016.148
2032-03-31,6699.51,7574.671,7391.017,7147.074,3304.97,3400.641,9953.47,23228.372,20365.61,1877.37,45471.353
2032-04-01,8598.574,12620.97,8056.322,4061.491,1305.349,2333.205,213.647,13157.978,14183.243,9848.336,37189.557
2032-04-02,17410.071,712.68,5721.61,7708.545,7177.646,427.652,4917.597,12032.644,15408.479,16634.679,44075.801
2032-04-03,3299.506,11297.709,8594.097,13118.932,7566.619,1867.324,1446.448,34407.81,7789.715,4993.11,47190.635
2032-04-04,10188.895,3170.268,291.913,10899.982,201.083,7788.052,6426.185,16993.289,16063.241,5909.849,38966.38
2032-04-05,3598.413,23027.373,2357.768,2499.236,1622.891,3646.399,4837.402,14334.625,16228.438,11026.42,41589.483
2032-04-06,4305.776,11211.114,6140.099,2991.827,5439.062,5428.91,4815.103,14644.643,13392.785,12294.463,40331.89
2032-04-07,3205.798,7106.645,11910.595,8873.285,3645.649,8765.207,592.592,14360.299,25178.355,4561.117,44099.77
2032-04-08,3697.348,14725.695,460.207,13883.821,815.323,5361.782,3130.727,18043.752,12776.035,11255.115,42074.903
2032-04-09,1606.885,7332.609,2180.559,15291.51,5867.964,5271.77,2651.094,5351.308,28504.317,6346.765,40202.39
2032-04-10,1953.0,9631.128,1044.85,20494.188,2366.32,1272.962,3944.217,13218.218,9960.459,17527.989,40706.665
2032-04-11,3272.089,14750.444,3235.838,11060.583,4684.563,5124.225,4244.299,2193.614,31267.919,12910.507,46372.041
2032-04-12,1876.881,8164.615,5029.661,5536.844,4581.23,2400.579,15202.673,21279.877,17013.719,4498.888,42792.483
2032-04-13,9680.99,7972.26,2967.616,5410.356,5460.407,15097.432,956.719,5151.361,29663.313,12731.107,47545.78
2032-04-14,9002.582,4506.887,4638.43,8372.192,1577.148,7208.828,11479.017,22529.156,17614.379,6641.549,46785.083
2032-04-15,2148.869,6581.98,2986.492,1200.102,3603.893,11065.283,2603.424,10353.592,18704.359,1132.093,30190.044
2032-04-16,8023.083,6826.171,6401.069,5598.455,11789.319,5801.151,3926.763,21015.325,21198.216,6152.468,48366.009
2032-04-17,5601.09,7992.502,5070.304,8545.736,8335.914,6399.172,1394.681,3271.199,25446.181,14622.019,43339.399
2032-04-18,10843.45,13496.843,1665.488,10228.559,688.66,5137.731,1662.73,5848.656,21855.479,16019.326,43723.461
2032-04-19,10993.551,6191.374,382.233,7327.829,4264.816,5247.834,4485.662,11994.771,23727.253,3171.275,38893.299
2032-04-20,4479.489,2935.846,1787.448,9046.956,12780.389,6246.432,4849.247,10661.827,5590.48,25873.501,42125.808
2032-04-21,3829.574,11183.44,2770.023,10147.245,6679.298,4295.342,2154.932,14015.76,15343.144,11700.951,41059.855
2032-04-22,7400.471,9552.175,2298.931,5851.668,3603.119,13763.762,1253.842,26646.111,8763.592,8314.265,43723.967
2032-04-23,3632.692,2160.243,1318.094,12335.211,2413.795,4008.222,766.663,3792.33,13400.482,9442.108,26634.92
2032-04-24,9806.069,7268.65,6213.87,2218.361,21.451,6399.373,4269.742,6127.51,17427.898,12642.107,36197.515
2032-04-25,2455.141,1060.026,6329.787,10444.925,2377.213,9978.629,3155.635,8308.17,12778.913,14714.276,35801.358
2032-04-26,13222.414,4913.133,2944.31,6543.929,1309.721,12477.126,6595.701,12788.778,28000.445,7217.112,48006.335
2032-04-27,3395.664,14536.901,1441.834,11874.372,2458.734,5577.497,4505.107,9713.164,8547.04,25529.904,43790.108
2032-04-28,8783.741,8296.594,8295.863,2288.695,3928.86,5973.514,6096.522,19645.046,13728.081,10290.662,43663.789
2032-04-29,6662.005,2077.459,6810.281,2567.949,1011.86,18010.066,4751.052,19006.607,11766.732,11117.335,41890.673
2032-04-30,3779.587,3619.132,3312.477,4376.758,6014.068,12314.713,487.016,17767.032,13132.509,3004.21,33903.751
2032-05-01,5118.626,5166.614,480.506,5153.534,4551.044,6704.454,11148.791,13977.461,24054.735,291.372,38323.568
2032-05-02,8123.503,6821.429,2513.823,17591.619,5526.675,1234.829,8880.665,37655.307,6340.652,6696.585,50692.544
2032-05-03,11168.169,7534.306,2798.183,8847.702,2374.025,4082.457,1857.951,10446.837,20594.693,7621.263,38662.793
2032-05-04,1597.006,13361.722,13384.024,6460.08,1513.155,9647.496,1345.546,27455.261,16203.482,3650.286,47309.028
2032-05-05,3760.56,10061.398,8049.62,6507.388,6716.803,5496.425,3461.682,15273.301,11416.402,17364.173,44053.876
2032-05-06,12488.303,3351.924,4141.191,6835.101,601.172,3808.602,6484.104,9959.277,17570.986,10180.134,37710.397
2032-05-07,0.0,0.0,0.0,0.0,0.0,0.0,0.0,0.0,0.0,0.0,0.0
2032-05-08,4164.292,11197.292,2689.875,3870.659,2955.592,3068.907,6627.037,11407.442,18342.909,4823.304,34573.654
2032-05-09,13033.911,6198.85,2375.22,3379.012,286.027,10177.354,5947.139,11138.045,18675.738,11583.729,41397.513
2032-05-10,4554.216,4846.898,10487.693,8161.004,761.355,2828.404,4840.819,9663.274,21838.565,4978.551,36480.391
2032-05-11,1781.371,6211.607,4217.626,8350.933,2455.522,8072.014,2553.915,9342.591,15596.968,8703.428,33642.988
2032-05-12,4476.81,4200.072,9049.205,8818.133,371.012,8264.608,1031.737,7147.86,25123.674,3940.043,36211.577
2032-05-13,0.0,0.0,0.0,0.0,0.0,0.0,0.0,0.0,0.0,0.0,0.0
2032-05-14,2879.289,12820.49,2197.175,3595.972,3330.785,9498.992,6161.372,15058.721,13543.734,11881.62,40484.076
2032-05-15,6198.028,11747.011,3715.174,4801.087,2948.837,9827.424,638.492,8052.913,18797.83,13025.31,39876.053
2032-05-16,2160.063,8218.164,1143.134,8237.071,2002.229,4116.361,4588.113,11555.717,15235.348,3674.071,30465.136
2032-05-17,7263.116,5311.484,3209.871,10921.902,1484.144,5089.731,4895.602,15721.896,17070.728,5383.225,38175.849
2032-05-18,2384.136,7114.714,14266.887,1231.502,3897.711,1760.49,2149.461,10554.119,11503.779,10747.004,32804.902
2032-05-19,5413.935,8613.215,6006.237,6158.582,1723.56,9174.104,3399.034,13897.274,11321.256,15270.138,40488.667
2032-05-20,2425.455,6019.92,3558.135,7166.181,6107.591,15117.829,3706.926,7239.316,19677.203,17185.518,44102.037
2032-05-21,3101.741,10504.326,2874.208,6127.98,616.29,3927.112,2580.069,15765.336,7197.978,6768.412,29731.726
2032-05-22,1009.465,7369.382,3868.007,4130.537,7920.394,604.221,574.207,7217.858,15970.474,2287.88,25476.212
2032-05-23,6829.982,9253.68,7585.471,5308.525,2045.006,7482.939,1542.724,19914.254,11062.023,9072.051,40048.328
2032-05-24,8301.411,7023.033,8034.633,6681.259,695.516,1575.588,578.313,11090.147,19027.89,2771.716,32889.753
2032-05-25,2238.64,8675.456,2818.179,17510.821,1369.097,3286.172,2545.73,8726.931,28773.167,943.996,38444.094
2032-05-26,4164.856,7998.745,8280.303,8335.673,4385.057,1235.738,4985.812,2172.4,20805.508,16408.277,39386.185
2032-05-27,2381.537,7021.37,902.662,5539.314,3464.981,1416.242,3475.243,17942.402,5585.53,673.418,24201.349
2032-05-28,10921.071,12855.487,12618.716,3536.52,698.049,2976.848,358.421,5089.64,24185.885,14689.586,43965.111
2032-05-29,6472.418,5565.718,3622.614,8348.717,2895.361,6119.647,3178.777,15020.909,10042.7,11139.642,36203.251
2032-05-30,2486.07,6094.051,3539.303,5085.872,6520.785,3492.626,2279.255,7517.104,12306.311,9674.548,29497.963
2032-05-31,13708.248,6523.372,4125.304,3504.114,2965.346,1618.089,9088.699,16523.046,9072.691,15937.434,41533.171
2032-06-01,7608.96,8572.939,6226.72,8492.602,3395.505,5788.584,2158.363,18014.034,15347.435,8882.205,42243.674
2032-06-02,4099.908,4981.535,6499.963,7324.075,244.668,13045.628,3194.113,26924.078,4745.728,7720.085,39389.891
2032-06-03,7393.375,4310.202,2907.662,12699.43,8505.467,6511.055,968.555,16444.064,19626.545,7225.137,43295.746
2032-06-04,5882.073,7378.786,5987.575,14141.21,1520.152,2985.827,969.179,18673.558,13466.83,6724.415,38864.802
2032-06-05,3805.337,2810.414,10153.913,6945.056,4900.628,11110.894,4312.782,9182.66,22532.755,12323.611,44039.025
2032-06-06,5437.861,9238.989,1963.706,3585.72,754.943,16600.656,3082.51,19417.827,5243.701,16002.857,40664.385
2032-06-07,8010.36,7142.277,4729.233,17737.401,366.244,1984.301,3904.592,11744.73,18239.737,13889.942,43874.409
2032-06-08,5145.847,9076.728,10263.777,7798.99,2702.318,3778.322,542.566,29074.237,7742.288,2492.023,39308.548
2032-06-09,7358.791,9714.349,6903.846,8847.742,3061.986,4282.829,2459.575,12576.807,27427.018,2625.292,42629.118
2032-06-10,4639.094,7432.559,2050.834,7947.112,6736.023,10163.407,441.544,13779.779,20096.218,5534.576,39410.573
2032-06-11,16001.873,9144.433,1627.745,11980.361,2040.72,4295.329,3938.453,17535.829,20076.008,11417.076,49028.914
2032-06-12,0.0,0.0,0.0,0.0,0.0,0.0,0.0,0.0,0.0,0.0,0.0
2032-06-13,8005.83,9393.682,4970.736,11108.512,3137.822,2029.907,2662.669,9287.163,17683.439,14338.555,41309.158
2032-06-14,4123.036,9750.405,6414.265,8187.294,767.683,1056.001,6821.53,23465.918,11926.465,1727.83,37120.214
2032-06-15,5396.561,6932.34,8799.849,12648.885,5555.131,3256.322,1606.043,11393.734,16123.873,16677.526,44195.133
2032-06-16,14223.581,1616.484,1555.88,8785.285,2270.6,7737.067,12065.444,18123.98,27115.407,3014.953,48254.341
2032-06-17,2679.466,4120.207,855.649,18395.22,1740.818,10551.123,8186.553,16865.084,23528.802,6135.151,46529.037
2032-06-18,7647.249,4573.076,2482.62,5298.991,1029.966,2820.863,5439.834,11250.871,8244.141,9797.587,29292.599
2032-06-19,2345.037,2542.534,11563.028,5748.924,9840.395,6315.639,5905.351,15803.347,13069.261,15388.299,44260.906
2032-06-20,7854.497,5842.651,4691.15,2816.625,6550.383,2394.054,9449.174,14538.467,17904.989,7155.078,39598.534
2032-06-21,2840.04,11504.73,4965.284,4782.865,1457.424,3544.798,4733.948,10715.871,18477.695,4635.522,33829.088
2032-06-22,4094.921,6481.022,2320.425,5932.212,17788.972,7626.139,1311.123,12347.715,23087.136,10119.962,45554.813
2032-06-23,8885.116,8607.306,1353.498,9952.169,3695.547,1608.925,4775.968,21854.453,10844.64,6179.436,38878.53
2032-06-24,3206.298,16228.98,5540.635,10358.486,1539.12,2782.45,3312.953,15503.144,24640.248,2825.529,42968.922
2032-06-25,5471.303,10412.539,11248.965,3734.005,9380.89,2603.596,5137.576,17757.693,19502.778,10728.402,47988.873
2032-06-26,10057.897,9767.788,1501.403,4097.272,397.186,4376.905,4249.304,13742.999,16937.022,3767.735,34447.755
2032-06-27,9345.999,9904.784,7125.274,5921.245,2598.043,8846.913,6229.513,14150.327,22192.83,13628.613,49971.77
2032-06-28,10115.762,5253.874,8002.55,3880.976,7789.581,1966.393,1998.129,5295.014,25888.913,7823.336,39007.264
2032-06-29,3217.125,1446.71,993.098,2007.702,8211.185,3370.504,3899.79,10841.226,10955.125,1349.764,23146.115
2032-06-30,8675.16,4312.641,6526.734,5110.536,53.063,21880.039,848.548,11493.92,32524.492,3388.308,47406.721
2032-07-01,5779.578,6672.025,4238.517,10672.227,2490.223,3331.978,7311.883,12284.751,9827.733,18383.947,40496.431
2032-07-02,7865.43,9931.795,7619.128,1597.451,5537.76,2891.547,3060.2,10625.225,26539.871,1338.217,38503.313
2032-07-03,15410.01,14441.257,4123.329,3675.468,1192.343,6299.132,897.268,23803.374,17117.122,5118.31,46038.806
2032-07-04,6310.535,13937.697,5597.897,2983.933,391.826,7052.696,5678.066,21061.211,15333.145,5558.293,41952.649
2032-07-05,2939.556,5753.116,16649.411,1381.974,7841.959,698.967,5994.15,16921.036,17950.409,6387.688,41259.133
2032-07-06,21149.097,11622.462,1598.699,4137.343,1040.436,6628.734,236.093,11609.872,32404.687,2398.305,46412.864
2032-07-07,9645.449,15439.574,14830.07,5372.853,973.152,6803.333,3573.813,20175.63,34170.108,2292.506,56638.244
2032-07-08,3902.32,23042.003,3368.351,5012.404,2496.245,6217.91,4658.812,20706.605,20943.345,7048.096,48698.046
2032-07-09,0.0,0.0,0.0,0.0,0.0,0.0,0.0,0.0,0.0,0.0,0.0
2032-07-10,4694.603,4710.195,9262.066,13262.918,1573.968,2375.734,5852.237,11989.691,21794.845,7947.186,41731.721
2032-07-11,9052.423,11237.524,2057.222,3532.974,2619.771,5858.259,4756.142,12716.785,22426.779,3970.751,39114.315
2032-07-12,5682.589,5191.347,3012.922,13487.852,2948.955,9969.116,1037.594,1653.155,27067.112,12610.108,41330.375
2032-07-13,12282.365,3872.954,5034.107,5672.909,4951.306,3358.707,9137.72,25788.213,17502.408,1019.447,44310.068
2032-07-14,5642.239,7354.608,7085.619,6655.89,3612.708,2151.45,7282.94,9479.405,21929.513,8376.536,39785.454
2032-07-15,9737.867,12731.186,4557.365,6458.917,32.583,3819.804,446.111,10699.632,17034.957,10049.243,37783.832
2032-07-16,1822.472,18727.965,2994.26,2362.448,10371.408,6457.602,5920.873,22411.025,22878.156,3367.847,48657.028
2032-07-17,1480.874,6485.581,8031.847,4783.121,881.771,9464.226,4995.666,5609.739,23174.693,7338.655,36123.087
2032-07-18,3436.99,10236.005,1393.656,4561.445,5446.415,3472.704,11147.439,21541.609,16098.271,2054.774,39694.654
2032-07-19,4353.718,10863.814,8269.963,9902.387,295.831,7048.244,1248.86,7953.992,31636.67,2392.157,41982.818
2032-07-20,5959.16,15347.195,7133.973,10814.689,720.561,4980.318,2794.6,9100.491,26000.352,12649.652,47750.495
2032-07-21,3137.966,9187.846,5531.367,16060.079,399.217,13630.56,1745.074,16308.361,31536.811,1846.936,49692.108
2032-07-22,11993.935,16503.181,3305.645,11999.287,2950.551,2797.927,2042.02,33674.618,9626.817,8291.11,51592.545
2032-07-23,11785.374,11007.739,4793.721,9147.899,2459.473,349.811,3237.201,13946.233,24816.146,4018.839,42781.218
2032-07-24,5102.529,10200.992,9814.907,9440.401,4024.867,4449.523,243.805,17465.87,19585.24,6225.914,43277.024
2032-07-25,7888.67,8781.349,5109.384,4198.145,1517.29,10133.14,2945.183,15688.655,8082.038,16802.468,40573.162
2032-07-26,7877.246,7880.296,1821.401,3004.455,1460.759,8650.255,1392.394,13442.238,13775.824,4868.744,32086.806
2032-07-27,7320.851,7252.107,4302.363,6541.108,1348.304,10314.15,6031.316,4456.408,22423.528,16230.264,43110.199
2032-07-28,5462.371,646.226,14028.099,16194.718,4945.918,5253.605,4379.23,7668.792,31265.437,11975.938,50910.167
2032-07-29,5153.954,19450.419,1157.951,4302.339,2010.419,8640.838,2340.413,24303.784,14003.152,4749.397,43056.333
2032-07-30,3434.707,4597.115,5787.647,4190.62,16398.939,13488.109,7144.358,14083.126,20340.022,20618.347,55041.496
2032-07-31,9114.089,6698.634,1926.358,17364.821,6825.549,2546.46,1545.915,16010.074,25381.322,4630.432,46021.827
2032-08-01,3825.007,5109.351,8564.936,6855.913,1345.403,11729.539,995.839,2460.36,26573.203,9392.425,38425.988
2032-08-02,12982.606,6747.554,2267.651,4945.071,6983.359,3707.005,1596.158,14891.25,5733.129,18605.025,39229.404
2032-08-03,4690.91,2635.493,4856.884,9035.834,1373.252,8758.448,12260.77,9769.791,21288.959,12552.841,43611.592
2032-08-04,5063.287,18494.951,4236.905,9751.651,1936.514,8533.92,2527.282,18296.145,19422.63,12825.735,50544.509
2032-08-05,14976.351,2212.057,5027.659,9282.505,4724.447,2163.229,10465.331,37400.902,6942.233,4508.443,48851.579
2032-08-06,9578.802,6752.928,1917.176,8758.599,3688.4,10695.008,3382.743,13254.075,23254.376,8265.205,44773.656
2032-08-07,14937.351,6550.847,6658.767,5574.199,353.605,8612.462,4322.179,8892.367,25063.515,13053.527,47009.409
2032-08-08,4326.157,5048.671,7971.058,17790.934,5843.35,3021.537,4732.215,10743.24,26342.292,11648.39,48733.922
2032-08-09,2839.142,8856.415,7051.422,9591.578,4292.116,14252.439,3324.724,15840.96,18502.846,15864.03,50207.836
2032-08-10,14976.998,5166.773,1129.7,15398.423,1582.109,9679.152,5896.276,10955.526,22925.769,19948.134,53829.43
2032-08-11,19560.062,5387.169,9560.003,11105.089,3994.386,4436.815,2600.284,21802.991,30042.848,4797.969,56643.808
2032-08-12,6211.751,10279.574,5735.404,16791.129,3643.947,2005.588,983.107,5270.345,35696.89,4683.266,45650.5
2032-08-13,15416.506,4967.295,14534.138,3430.311,1867.274,7826.203,2289.72,11117.442,19790.84,19423.166,50331.448
2032-08-14,4479.575,9198.319,5817.623,6905.537,12593.299,5722.253,6006.747,14813.285,24970.867,10939.2,50723.352
2032-08-15,5586.172,3295.206,6780.705,7549.996,247.31,4887.111,6284.005,11174.756,9237.884,14217.865,34630.504
2032-08-16,1714.753,4264.182,906.2,17702.383,3326.276,641.833,14389.889,24468.619,12489.546,5987.352,42945.516
2032-08-17,8970.388,8159.908,1679.304,11918.607,1601.59,5218.851,3631.196,6995.137,27812.893,6371.814,41179.844
2032-08-18,4130.923,9204.445,1222.075,10718.546,742.353,1005.529,1198.949,11553.09,9745.171,6924.559,28222.82
2032-08-19,4023.752,12013.417,4906.362,15408.998,4923.866,5703.312,3136.393,11891.624,31617.739,6606.737,50116.1
2032-08-20,8006.75,15421.617,7384.352,5954.568,2281.129,6136.234,2816.115,17277.816,27166.705,3556.244,48000.765
2032-08-21,8822.747,6521.326,1899.589,12849.714,1969.07,18160.052,3524.223,18166.588,27456.162,8123.972,53746.722
2032-08-22,2741.677,16986.939,8788.478,5660.894,501.98,791.021,1727.419,8326.093,16379.984,12492.331,37198.408
2032-08-23,7869.195,13218.431,5431.754,4400.013,708.043,2196.789,10733.79,4853.573,29882.915,9821.526,44558.014
2032-08-24,4603.718,4905.308,5728.437,10492.075,2229.973,13615.725,1048.575,15761.451,11944.921,14917.439,42623.81
2032-08-25,3631.565,9892.73,6078.518,4597.098,6953.787,9898.637,2269.868,10137.057,28665.677,4519.469,43322.203
2032-08-26,6134.989,3950.749,2162.432,13665.981,665.607,4487.479,11580.359,2546.716,27425.787,12675.094,42647.597
2032-08-27,7972.137,7474.288,15101.139,5591.638,1293.466,3017.963,11661.307,11569.697,31347.26,9194.981,52111.938
2032-08-28,8633.014,13739.735,5636.167,8000.852,157.992,1050.002,282.991,12754.97,14571.243,10174.54,37500.753
2032-08-29,5219.294,1899.827,5246.367,16899.239,9951.525,4258.385,7459.781,11171.027,17941.134,21822.257,50934.418
2032-08-30,6285.491,6590.403,5021.985,8201.585,3234.941,7365.592,1637.683,540.134,18063.897,19733.649,38337.68
2032-08-31,1886.438,15778.5,10987.919,3491.855,1125.017,5778.785,6124.035,7390.745,23326.818,14454.985,45172.548
2032-09-01,22202.198,2053.69,1190.794,849.938,1645.798,1534.745,4329.125,9488.997,14756.845,9560.446,33806.289
2032-09-02,675.015,9107.45,4103.31,8549.982,4314.223,6847.027,14548.956,11070.742,32187.74,4887.48,48145.963
2032-09-03,3605.67,16898.099,4317.436,9979.807,5566.395,5699.519,1099.254,15755.45,15240.509,16170.222,47166.181
2032-09-04,16010.435,16394.244,2581.746,3640.53,123.019,11760.867,5130.444,28589.263,10242.533,16809.489,55641.285
2032-09-05,6699.967,10586.073,4797.225,13729.631,1391.321,9123.71,2654.626,21353.04,19502.637,8126.874,48982.552
2032-09-06,3599.939,11150.572,8478.726,4031.257,3032.879,4516.429,2060.189,7941.838,22375.662,6552.491,36869.991
2032-09-07,10049.382,12092.121,630.094,9738.65,24.27,13010.279,2173.858,24283.365,15942.359,7492.931,47718.654
2032-09-08,4441.297,12307.595,3354.16,8424.123,6416.645,12605.737,4444.584,6785.813,29544.839,15663.489,51994.141
2032-09-09,5357.364,7757.769,6709.945,5785.045,2868.001,6276.489,14119.5,27987.862,16840.741,4045.509,48874.112
2032-09-10,11158.988,16213.029,3477.795,3115.117,6046.78,8710.76,1567.274,18185.988,12887.852,19215.902,50289.742
2032-09-11,6941.029,12356.834,13194.561,947.989,1977.215,907.547,202.498,3358.602,10537.593,22631.48,36527.674
2032-09-12,16450.821,3680.902,3558.556,9816.062,7318.305,6864.853,2352.918,8220.457,39210.049,2611.91,50042.416
2032-09-13,6531.851,10934.88,3107.439,3985.613,3368.252,12873.895,3451.341,25176.33,11303.549,7773.392,44253.272
2032-09-14,19218.428,11620.799,610.293,8580.73,2810.911,5142.7,1846.287,14468.985,24760.605,10600.557,49830.148
2032-09-15,2912.508,6865.735,3551.637,9696.087,1779.14,12648.532,3954.531,20638.032,17765.239,3004.9,41408.171
2032-09-16,23310.58,2865.437,212.807,1966.661,2352.833,6176.767,1014.297,8690.91,26002.095,3206.377,37899.382
2032-09-17,7695.474,9779.056,8075.033,13076.121,7503.858,1796.644,8079.37,34041.719,15392.424,6571.414,56005.557
2032-09-18,8080.046,5735.986,6117.195,2050.588,14594.806,4427.254,10160.537,9388.938,37527.024,4250.449,51166.411
2032-09-19,3641.342,10762.229,12901.041,8267.57,5451.49,3323.067,543.219,23740.69,16726.709,4422.56,44889.959
2032-09-20,5455.228,9974.18,4705.155,12077.714,5035.907,2176.92,6334.776,35687.884,6813.091,3258.905,45759.88
2032-09-21,10163.441,4677.999,3849.298,8957.087,4285.109,5305.477,2720.828,16695.118,12932.389,10331.732,39959.239
2032-09-22,6610.677,6442.329,5782.023,9636.917,8428.0,2682.483,5697.856,23677.448,15566.231,6036.605,45280.284
2032-09-23,5733.663,10819.935,3031.583,9319.294,5030.626,16185.338,1708.628,19979.18,19124.882,12725.005,51829.067
2032-09-24,4335.168,12529.066,9757.763,5474.898,1505.514,6118.081,809.982,21458.081,3631.857,15440.535,40530.473
2032-09-25,16574.31,14308.288,2856.566,5365.414,13427.593,3635.951,3491.179,7362.623,29443.641,22853.038,59659.302
2032-09-26,6334.416,3494.667,6736.899,20974.33,1343.128,8235.448,1004.572,7147.801,9667.669,31307.989,48123.459
2032-09-27,1134.985,19634.417,2607.163,11757.889,4747.245,3572.836,899.819,12786.894,14578.738,16988.722,44354.354
2032-09-28,7151.266,6303.237,9259.457,6883.002,3671.945,8906.606,5989.383,14434.159,21139.92,12590.818,48164.897
2032-09-29,3390.069,8430.615,1205.042,10705.576,5715.429,878.07,5451.089,2754.426,28300.528,4720.937,35775.89
2032-09-30,6337.766,8195.668,5327.145,4015.32,8798.307,13330.048,536.468,24460.519,18851.879,3228.323,46540.721
2032-10-01,0.0,0.0,0.0,0.0,0.0,0.0,0.0,0.0,0.0,0.0,0.0
2032-10-02,4764.544,9701.566,6612.991,4736.945,7235.072,5355.125,2949.072,7722.334,26406.117,7226.865,41355.316
2032-10-03,5025.747,2629.405,6356.659,6214.365,12776.314,9672.971,383.277,15882.886,11476.583,15699.266,43058.736
2032-10-04,11118.489,4104.219,5807.895,10783.343,4289.938,2114.889,4118.57,7453.953,31437.565,3445.827,42337.344
2032-10-05,4333.197,2257.762,702.907,15900.261,2942.034,6205.001,6109.777,12971.693,15550.612,9928.636,38450.94
2032-10-06,10136.497,14353.224,3376.09,6441.308,153.611,16132.709,6000.235,21113.12,26094.472,9386.081,56593.673
2032-10-07,6036.137,11002.941,11169.132,6904.029,457.643,3806.902,1902.662,13478.082,19114.916,8686.447,41279.445
2032-10-08,11674.975,7097.364,5866.246,6781.039,10873.703,2654.348,1128.003,9566.734,31466.457,5042.488,46075.679
2032-10-09,7298.699,8913.091,8192.169,2971.457,983.529,336.224,4283.018,10066.963,17799.809,5111.415,32978.187
2032-10-10,2749.924,10220.392,17017.71,4477.039,4183.918,1430.666,1639.94,13513.547,23018.635,5187.408,41719.59
2032-10-11,775.745,13293.735,8480.748,6315.406,3672.679,1110.117,2728.939,6629.185,21075.285,8672.9,36377.369
2032-10-12,5049.133,10442.821,5548.125,2825.289,972.808,6089.835,850.39,8449.862,15394.849,7933.691,31778.401
2032-10-13,3215.973,5987.648,2164.478,9143.031,6332.479,2737.159,7086.675,15621.144,3819.602,17226.697,36667.443
2032-10-14,6673.123,5380.884,6553.303,14141.566,1290.664,2617.052,641.494,5352.374,16967.017,14978.696,37298.087
2032-10-15,9094.768,10183.176,1899.989,8321.918,1975.822,854.33,6670.475,12651.26,9638.606,16710.612,39000.478
2032-10-16,8657.059,15877.367,2675.25,6384.704,174.097,3013.894,5110.443,21046.207,10883.216,9963.391,41892.814
2032-10-17,7171.744,16635.289,6457.271,1801.27,3719.892,3207.482,1139.78,23460.602,12273.479,4398.645,40132.727
2032-10-18,6505.634,7960.977,4316.048,3873.496,3551.526,15496.77,601.382,7629.417,26064.747,8611.667,42305.831
2032-10-19,5638.503,4497.297,1655.781,4183.819,3634.591,7193.514,8889.41,12856.57,19861.869,2974.478,35692.917
2032-10-20,5291.315,12926.642,3937.45,10311.133,1106.993,5508.082,3340.673,7754.9,22031.705,12635.683,42422.288
2032-10-21,2994.711,5546.256,3821.821,15141.57,5919.881,4222.045,4014.309,23443.286,13094.606,5122.702,41660.594
2032-10-22,4834.964,20506.728,6631.145,8502.364,1816.218,5745.727,1007.663,9733.174,13971.923,25339.713,49044.81
2032-10-23,12186.683,5478.692,4248.246,4045.038,4244.679,3331.178,990.596,18006.99,9116.925,7401.198,34525.112
2032-10-24,4581.293,12154.264,6158.097,2155.53,3918.161,8044.002,3285.452,19448.53,10480.71,10367.558,40296.798
2032-10-25,7172.776,8004.337,3726.433,6593.68,798.782,9435.204,2532.125,13984.484,21246.908,3031.945,38263.337
2032-10-26,7025.699,6032.884,9983.799,8210.473,9805.045,5532.2,3521.019,18457.137,14364.963,17289.019,50111.119
2032-10-27,8844.912,21006.58,2014.271,3950.474,2944.04,8717.592,519.123,34405.806,9737.366,3853.82,47996.992
2032-10-28,6205.033,7849.971,3018.412,4233.442,11005.444,1888.277,1542.027,7616.661,15645.966,12479.978,35742.605
2032-10-29,5484.554,11790.762,7707.617,1935.596,4674.319,3833.073,4660.725,11978.722,12412.218,15695.707,40086.646
2032-10-30,0.0,0.0,0.0,0.0,0.0,0.0,0.0,0.0,0.0,0.0,0.0
2032-10-31,1175.421,4440.451,6038.774,6884.992,7718.057,11404.149,7830.684,20532.739,12778.723,12181.066,45492.528
2032-11-01,5665.853,1282.758,3043.734,14251.481,2766.604,7025.935,2488.938,12322.116,21392.398,2810.79,36525.304
2032-11-02,2676.954,14370.876,8606.211,8298.413,2232.679,10525.885,2346.885,27347.253,15424.695,6285.955,49057.903
2032-11-03,2475.695,12757.163,11213.154,2445.71,2240.089,6978.147,927.225,18303.88,19974.991,758.313,39037.184
2032-11-04,16103.693,12445.087,2767.814,7881.022,260.237,2742.866,2668.624,12449.624,12399.836,20019.885,44869.344
2032-11-05,7019.404,12368.16,740.597,4023.022,5804.389,9437.775,786.001,10589.685,18546.597,11043.065,40179.347
2032-11-06,14941.032,10219.455,748.122,5261.83,220.431,2969.18,7478.339,20699.476,15789.087,5349.826,41838.389
2032-11-07,1885.665,13285.649,7427.381,6983.306,1911.481,6820.209,2092.708,10300.026,26493.382,3612.99,40406.399
2032-11-08,5383.578,13759.517,2702.222,2324.152,5008.159,890.356,536.634,20894.639,8202.953,1507.026,30604.618
2032-11-09,1030.734,7392.257,9167.179,6519.67,7539.723,10262.117,5476.727,17755.302,19695.749,9937.354,47388.406
2032-11-10,5208.081,5381.405,5764.823,2978.589,4003.55,5489.237,654.404,5488.547,17504.64,6486.902,29480.089
2032-11-11,5777.709,8999.282,9556.316,12191.9,393.624,2343.184,943.238,15422.909,13549.944,11232.4,40205.253
2032-11-12,8567.645,3943.587,7588.688,10102.051,4373.298,4837.112,243.95,4124.183,12304.236,23227.913,39656.332
2032-11-13,0.0,0.0,0.0,0.0,0.0,0.0,0.0,0.0,0.0,0.0,0.0
2032-11-14,8510.487,5844.698,3711.976,12032.939,6748.694,4850.848,6228.231,25284.639,16294.478,6348.757,47927.873
2032-11-15,4891.946,2165.597,10053.518,6933.872,462.041,1272.816,5485.649,10133.016,8474.15,12658.273,31265.439
2032-11-16,5175.812,4277.348,6968.393,14443.726,2857.241,3791.363,4065.002,21546.297,17006.605,3025.984,41578.886
2032-11-17,5798.432,5985.883,8744.903,10285.67,3082.263,1549.229,514.606,16087.558,12357.304,7516.124,35960.986
2032-11-18,2690.479,8294.16,8204.322,16025.576,2399.041,1650.996,700.659,27028.533,5082.853,7853.848,39965.233
2032-11-19,6352.973,4225.975,9062.522,4329.497,2106.305,5424.605,8755.663,8917.156,13812.452,17527.933,40257.541
2032-11-20,8569.418,5577.382,3153.215,4569.095,4018.125,3631.377,6964.811,22296.515,3170.77,11016.139,36483.425
2032-11-21,5438.027,4906.493,2147.414,1126.42,2076.865,5786.986,8210.833,4304.41,18191.874,7196.754,29693.038
2032-11-22,0.0,0.0,0.0,0.0,0.0,0.0,0.0,0.0,0.0,0.0,0.0
2032-11-23,5212.262,12384.199,1803.261,5820.775,4090.162,4405.605,8827.848,9467.936,22346.872,10729.305,42544.113
2032-11-24,10490.137,18957.533,10779.498,4107.114,617.126,4680.774,2978.475,5422.088,38904.703,8283.866,52610.657
2032-11-25,9802.53,10907.454,2431.065,4783.889,822.147,9975.435,10934.706,29949.147,13973.246,5734.833,49657.226
2032-11-26,10121.113,20586.739,5089.362,951.16,1800.486,2344.867,1983.563,21293.41,10223.985,11359.895,42877.29
2032-11-27,2456.73,19627.517,10592.379,2841.207,3999.45,4025.037,5271.233,12578.83,22495.951,13738.773,48813.554
2032-11-28,7840.239,12439.799,923.625,6967.767,621.762,13057.487,3676.024,22772.587,8747.79,14006.325,45526.702
2032-11-29,6841.397,3699.549,1519.292,10920.658,5394.014,10666.648,7240.789,24237.196,15003.219,7041.932,46282.348
2032-11-30,3363.592,5871.165,11182.476,3924.761,9049.521,2779.546,3097.801,17049.595,12097.782,10121.486,39268.863
2032-12-01,3854.31,7758.89,5103.179,5817.156,888.404,10604.183,3614.302,3464.773,17120.04,17055.61,37640.423
2032-12-02,4075.821,10108.612,5984.482,5197.178,6238.063,3909.659,869.528,15206.39,15442.118,5734.837,36383.345
2032-12-03,14350.382,3650.893,5356.758,9942.857,334.227,3293.495,3368.836,14102.727,20460.669,5734.052,40297.449
2032-12-04,5010.986,5826.073,946.517,8517.764,1526.705,1411.614,7912.009,13089.468,11575.635,6486.565,31151.668
2032-12-05,6070.165,7616.282,3831.595,9287.259,1952.529,2372.736,4582.274,7129.889,18146.26,10436.692,35712.841
2032-12-06,6457.865,6486.391,410.955,17496.706,983.233,5773.805,85.988,9727.093,18645.319,9322.532,37694.944
2032-12-07,544.468,10204.256,3202.017,3474.926,1477.583,3987.896,6025.929,7383.525,17562.015,3971.535,28917.074
2032-12-08,8104.598,15696.606,3224.584,2264.513,363.223,3392.84,4471.108,14930.573,9586.488,13000.411,37517.472
2032-12-09,9663.897,8064.188,2015.34,15443.365,5828.034,6014.055,2843.98,28936.91,13224.269,7711.68,49872.86
2032-12-10,2352.422,5591.055,5835.403,16389.391,3429.79,11887.29,2591.447,36906.493,9097.59,2072.715,48076.799
2032-12-11,9413.037,8443.299,2368.281,3677.909,2285.588,1086.364,4976.157,18153.101,7981.506,6116.029,32250.636
2032-12-12,5664.476,13656.045,4355.192,3684.104,7999.608,6658.533,2799.519,13094.784,15998.966,15723.727,44817.477
2032-12-13,1603.797,7548.772,8722.48,10052.242,1208.842,4243.188,5317.713,13617.863,13349.732,11729.438,38697.033
2032-12-14,3232.688,7903.399,2427.054,4240.6,6989.42,9716.188,5748.046,22506.473,12487.954,5262.968,40257.396
2032-12-15,6683.219,5839.026,2408.241,10896.639,5775.051,2848.995,1489.568,19479.51,6404.375,10056.855,35940.74
2032-12-16,15365.661,5217.129,3514.256,1206.019,2749.61,8827.878,4859.063,18429.292,19172.128,4138.196,41739.615
2032-12-17,4829.901,2065.311,7799.992,14863.163,745.366,9672.899,6157.037,21435.567,11602.745,13095.357,46133.669
2032-12-18,2476.687,17174.574,10316.049,6974.81,4123.907,435.995,5077.771,4867.185,35812.002,5900.605,46579.792
2032-12-19,24584.002,6459.783,1311.922,3856.312,1706.651,880.014,1104.721,18866.904,13685.582,7350.919,39903.406
2032-12-20,5860.912,13004.897,1228.955,15837.315,6289.35,4676.115,3090.659,29012.033,12645.42,8330.749,49988.203
2032-12-21,7211.254,13856.609,3436.133,3261.769,4778.052,2004.321,13022.356,14544.724,16400.701,16625.069,47570.494
2032-12-22,2711.187,10230.145,9796.361,5162.416,7574.526,2494.735,3378.317,18365.996,15108.216,7873.475,41347.688
2032-12-23,2720.192,7224.882,4252.698,8790.104,5722.718,7281.638,4060.34,23427.767,6427.9,10196.904,40052.571
2032-12-24,11753.485,6993.332,1938.185,9908.846,10061.846,2468.803,450.944,11993.999,13237.082,18344.361,43575.442
2032-12-25,13751.078,4769.99,954.024,3184.127,4651.749,1132.573,1034.937,4517.687,7384.291,17576.5,29478.478
2032-12-26,8023.185,9182.488,6989.125,14935.975,1678.624,3244.088,2491.357,24422.747,6330.661,15791.434,46544.843
2032-12-27,12306.121,11179.502,6657.196,8637.712,4409.021,2529.146,8063.104,24394.627,21454.729,7932.447,53781.803
2032-12-28,4958.824,11245.18,2067.996,8981.328,3579.012,2630.677,3761.022,10036.47,22901.129,4286.441,37224.04
2032-12-29,4913.149,6990.685,1562.903,24701.472,1663.982,6703.476,2292.262,12575.608,27328.124,8924.197,48827.929
2032-12-30,16349.461,4630.841,2559.495,15560.684,4309.742,1673.986,3147.115,29643.791,10975.78,7611.753,48231.324
2032-12-31,7939.772,12718.701,3269.114,2486.424,4886.701,4420.09,3792.816,18781.194,11824.948,8907.475,39513.618
2033-01-01,10387.837,5599.542,3485.538,4320.695,3091.049,12930.538,4209.325,8940.994,23863.433,11220.098,44024.525
2033-01-02,11756.397,11607.674,8236.432,6299.474,1964.534,594.912,1559.84,25494.683,10801.764,5722.817,42019.264
2033-01-03,5257.883,5456.423,3826.923,8088.128,5631.739,5356.351,6514.193,17295.122,16730.078,6106.439,40131.64
2033-01-04,3143.078,13690.439,518.732,12427.934,3606.945,2720.435,9580.607,8442.311,17006.764,20239.094,45688.169
2033-01-05,8126.33,5095.402,5741.992,7484.355,344.751,4250.838,201.499,7163.979,14392.551,9688.635,31245.165
2033-01-06,3892.015,9313.797,6813.094,6912.691,4052.761,1382.191,4047.4,16400.931,11038.853,8974.166,36413.95
2033-01-07,8283.97,9670.123,4611.329,8366.802,4608.892,4064.985,10261.851,25163.829,19401.703,5302.419,49867.951
2033-01-08,7626.856,8782.724,323.826,12128.149,4398.43,1656.667,9821.529,20473.114,18869.547,5395.52,44738.181
2033-01-09,4023.443,9066.512,12651.158,2981.076,7480.603,5295.077,12493.323,5585.43,39915.692,8490.07,53991.192
2033-01-10,12476.85,10682.739,1548.034,11245.294,3064.145,4286.215,1868.671,21187.988,20496.678,3487.281,45171.948
2033-01-11,5515.831,4548.161,3178.455,10304.075,1229.554,10644.989,8002.796,20145.578,20235.309,3042.975,43423.862
2033-01-12,13118.368,9522.033,3434.878,10669.192,1065.639,3809.078,1904.092,11776.667,19791.287,11955.326,43523.28
2033-01-13,14852.451,4168.563,10668.932,5800.659,2661.837,3354.873,1720.411,3921.677,15185.091,24120.958,43227.726
2033-01-14,1773.04,4145.441,4958.606,10450.811,1249.323,5741.357,11760.931,17501.172,8696.678,13881.658,40079.508
2033-01-15,1738.278,9834.787,1684.178,11706.053,2913.272,5533.691,5301.247,17682.376,7950.579,13078.552,38711.506
2033-01-16,13047.166,11287.47,2694.571,7726.604,9694.755,7508.944,8504.64,25143.158,27834.111,7486.88,60464.149
2033-01-17,3573.059,1804.318,10063.995,15202.895,4430.517,9476.626,4185.225,13337.806,20935.048,14463.781,48736.635
2033-01-18,12788.611,6396.782,1625.88,14828.131,1393.189,2139.884,3604.48,10490.97,25656.241,6629.745,42776.956
2033-01-19,13672.925,10802.137,7460.756,13693.713,1392.433,3008.38,5708.122,30862.824,15795.11,9080.532,55738.466
2033-01-20,5875.852,9070.101,12439.822,7074.417,6873.342,2068.109,3681.08,14394.008,26987.977,5700.738,47082.723
2033-01-21,10658.345,7819.038,8227.046,15205.95,2594.217,2300.311,1032.993,20559.583,8372.113,18906.203,47837.9
2033-01-22,2256.49,16385.242,2100.927,7908.807,3432.818,3305.54,16967.495,22653.035,22521.451,7182.833,52357.319
2033-01-23,9634.266,9802.628,1927.198,19921.477,1825.702,4275.136,1144.57,16982.901,8633.802,22914.274,48530.977
2033-01-24,6782.101,4581.348,10590.579,3036.994,4216.71,11024.197,6036.336,17835.032,17115.515,11317.718,46268.265
2033-01-25,7358.079,10620.418,3610.984,9446.521,14622.755,4317.93,5821.639,14207.947,32347.475,9242.903,55798.326
2033-01-26,14945.356,5258.349,5406.881,7589.523,4388.737,943.022,284.65,16205.164,14288.612,8322.744,38816.519
2033-01-27,8058.106,1061.1,4703.45,6459.441,17233.952,7481.482,6559.149,4487.88,18089.257,28979.542,51556.68
2033-01-28,2125.35,5108.776,680.558,13003.223,1020.285,13678.517,18418.9,12695.755,24778.361,16561.494,54035.61
2033-01-29,5387.492,4831.872,3649.05,8327.439,156.925,1990.244,12183.37,11674.947,10276.236,14575.209,36526.392
2033-01-30,10407.622,20323.103,2769.042,11726.077,1104.686,1951.846,2948.372,9278.633,34874.918,7077.196,51230.746
2033-01-31,9145.435,3810.392,11995.056,1827.39,3735.132,9155.116,169.867,14221.302,16804.357,8812.73,39838.388
2033-02-01,10359.605,4191.273,1510.946,3944.7,2548.873,10782.025,3931.181,6696.175,21140.084,9432.344,37268.602
2033-02-02,9503.403,18172.722,1253.584,4496.462,4013.442,3643.551,3480.5,20772.68,20158.537,3632.447,44563.664
2033-02-03,12682.264,12018.738,10927.373,7138.567,3391.237,585.551,3823.071,15552.386,27546.437,7467.98,50566.803
2033-02-04,11816.555,10552.133,4902.335,1103.894,1336.341,6944.196,3892.872,14553.572,18137.608,7857.145,40548.325
2033-02-05,11667.181,3961.375,20582.499,2960.338,571.917,2113.199,2126.395,15213.729,21901.042,6868.135,43982.905
2033-02-06,5426.231,10736.889,3727.073,13061.964,5261.659,1840.619,2446.88,17104.161,11616.414,13780.74,42501.315
2033-02-07,10519.095,6931.701,2558.709,9812.457,3114.161,16136.747,5743.36,12367.606,40581.649,1866.974,54816.229
2033-02-08,4224.506,4473.496,1820.188,13200.542,3696.786,14830.262,621.889,15935.639,23093.957,3838.074,42867.67
2033-02-09,9031.141,5411.47,3928.099,8998.714,461.764,16029.893,13634.67,29543.685,6881.031,21071.036,57495.752
2033-02-10,8287.43,11568.198,614.571,10553.32,377.616,579.722,8771.305,19404.3,12018.427,9329.435,40752.162
2033-02-11,18376.41,5706.008,1159.921,5877.09,2971.065,6956.8,4088.687,23826.624,4042.412,17266.945,45135.981
2033-02-12,13273.767,2805.895,6052.198,929.136,2892.95,21354.218,3691.885,13956.765,24008.816,13034.469,51000.05
2033-02-13,6426.015,11151.326,10151.254,12965.169,1047.553,1939.6,4757.152,8573.587,37259.695,2604.785,48438.067
2033-02-14,12628.458,3370.38,1157.435,3514.501,9921.784,4212.479,1957.918,15759.031,19605.24,1398.682,36762.954
2033-02-15,9263.243,13440.534,3080.914,4295.424,1473.591,1356.099,2349.467,7144.426,16645.073,11469.772,35259.272
2033-02-16,11369.564,6696.788,1386.017,25448.67,1900.238,7596.588,249.919,6404.292,34927.491,13316.0,54647.783
2033-02-17,7790.539,8453.701,679.205,2302.053,4381.109,11268.16,2805.126,10308.045,22244.274,5127.573,37679.892
2033-02-18,11417.621,11452.925,9435.18,5799.257,1947.551,7614.372,3113.188,29684.785,9959.65,11135.659,50780.095
2033-02-19,6812.997,12173.814,3363.134,9655.885,5418.823,12412.785,3049.988,9162.03,33902.734,9822.662,52887.426
2033-02-20,6281.124,13661.9,2030.085,8112.035,7254.057,6626.308,8979.408,17415.738,29516.126,6013.053,52944.916
2033-02-21,11941.477,5322.085,3625.056,4502.363,5177.256,10550.148,1488.368,16744.077,10032.89,15829.786,42606.753
2033-02-22,4211.943,12033.447,5262.049,4177.902,5511.762,3138.801,13957.9,10346.366,25749.707,12197.731,48293.803
2033-02-23,9544.868,29261.715,7852.947,4884.375,667.868,3457.13,2940.966,9798.489,30198.039,18613.34,58609.868
2033-02-24,1591.893,9895.743,4906.293,3907.45,6908.842,10147.837,13881.879,12266.678,5291.947,33681.313,51239.937
2033-02-25,10613.085,13275.62,151.543,6385.893,1995.1,3658.358,1909.99,4711.087,21299.62,11978.88,37989.588
2033-02-26,1459.896,13640.809,12875.131,6417.785,7206.692,2064.119,6152.88,14718.839,28511.065,6587.407,49817.311
2033-02-27,4589.931,12480.833,5255.763,6511.325,1509.888,7122.57,6366.035,16891.84,21758.604,5185.899,43836.344
2033-02-28,6632.561,7462.527,5364.678,12826.924,718.813,11869.962,1189.522,13365.177,12651.764,20048.046,46064.987
2033-03-01,2047.155,10110.609,11546.296,2480.668,5621.425,6080.694,1125.705,13086.015,20051.244,5875.293,39012.552
2033-03-02,11280.857,10888.061,6529.353,7475.035,1640.592,10747.011,1654.128,25045.154,15065.948,10103.934,50215.036
2033-03-03,12963.384,15049.396,3457.481,6990.789,808.786,3898.65,3541.485,15873.909,19368.322,11467.74,46709.971
2033-03-04,11097.557,17493.537,2678.052,7426.772,6040.923,7118.499,3257.744,8904.251,39171.072,7037.761,55113.084
2033-03-05,11255.937,8108.693,6732.329,8838.047,995.422,347.61,5631.436,6294.635,21946.626,13668.213,41909.474
2033-03-06,4167.896,22535.649,11580.006,5988.584,4114.467,1800.412,640.063,14660.324,23084.021,13082.733,50827.077
2033-03-07,7629.865,11079.185,1007.229,15964.188,5233.093,6794.48,710.864,3193.083,36290.521,8935.298,48418.903
2033-03-08,0.0,0.0,0.0,0.0,0.0,0.0,0.0,0.0,0.0,0.0,0.0
2033-03-09,2564.861,9345.586,1167.447,9903.975,2363.58,6828.321,12340.032,22502.852,14573.295,7437.656,44513.803
2033-03-10,6157.742,21034.762,8252.637,5144.686,2852.181,2167.422,782.661,21426.77,13308.825,11656.498,46392.092
2033-03-11,6425.369,6400.347,6502.552,19844.581,2565.233,1462.466,348.54,14360.531,19782.76,9405.797,43549.088
2033-03-12,11663.482,7345.417,4407.39,12590.873,516.711,5282.822,2087.444,3967.837,24115.243,15811.06,43894.14
2033-03-13,10572.321,5055.219,4123.479,6808.181,1022.34,4264.829,3750.799,14538.212,12958.699,8100.257,35597.167
2033-03-14,5608.45,7386.327,3089.996,6121.294,3979.27,9315.159,10472.257,11552.478,19090.063,15330.213,45972.754
2033-03-15,6873.615,11068.699,4923.479,7880.951,549.251,3037.246,9730.779,16314.608,23289.935,4459.477,44064.02
2033-03-16,12150.282,10958.035,6039.087,11013.899,329.262,3582.464,1265.836,10236.989,26631.275,8470.601,45338.866
2033-03-17,2188.483,6749.535,6436.714,8098.814,8020.216,2406.959,8758.183,14799.311,25805.747,2053.847,42658.905
2033-03-18,1785.139,5677.681,6601.65,3898.376,3635.293,4873.249,15053.813,7231.109,19751.639,14542.452,41525.2
2033-03-19,3526.33,3654.006,6505.976,26153.159,725.76,1532.322,4203.446,11260.196,31028.396,4012.406,46300.998
2033-03-20,4419.872,9031.048,7445.536,9542.772,4605.625,3493.502,4841.858,14313.517,20620.436,8446.26,43380.213
2033-03-21,12727.022,7862.369,2486.511,4243.396,4843.403,3262.944,1529.999,16893.875,4238.401,15823.368,36955.645
2033-03-22,9407.27,10846.662,5948.782,4506.014,2998.096,1083.468,9226.505,24934.73,10834.825,8247.242,44016.797
2033-03-23,13972.683,14514.205,6965.538,8390.196,1447.469,10813.899,523.48,20950.106,31388.725,4288.64,56627.47
2033-03-24,8298.901,10843.142,6185.777,6146.767,8432.98,933.764,4370.455,6910.962,24243.036,14057.787,45211.785
2033-03-25,12307.568,11915.668,2221.951,4750.264,1510.701,5475.475,1246.477,19008.054,15429.898,4990.153,39428.105
2033-03-26,4846.749,5874.903,4525.969,14727.3,1769.193,3872.669,3428.024,12289.209,21410.595,5345.005,39044.809
2033-03-27,8561.138,15430.383,4711.623,10825.645,6890.226,2367.32,6205.251,19355.36,12196.721,23439.504,54991.585
2033-03-28,2090.099,4230.611,2318.934,7052.324,5074.475,8080.383,11402.436,10624.529,24139.521,5485.213,40249.263
2033-03-29,501.519,24450.713,8126.276,5611.934,306.016,1490.669,1355.089,10837.822,12471.736,18532.658,41842.217
2033-03-30,4384.269,7248.326,63.085,9699.628,2329.294,14153.195,4060.695,14540.415,13844.339,13553.737,41938.491
2033-03-31,2983.325,6117.722,2583.196,9346.225,742.532,1743.96,13660.297,20352.08,6404.189,10420.987,37177.257
2033-04-01,7832.58,8352.983,8144.954,7321.825,700.745,6265.69,509.533,10241.485,15930.809,12956.017,39128.31
2033-04-02,596.432,6173.26,2339.742,4904.161,1885.341,15329.156,10828.543,5554.37,32560.729,3941.537,42056.636
2033-04-03,10722.915,7818.129,2090.154,5350.953,4563.79,5058.176,7109.332,16188.172,21359.674,5165.603,42713.449
2033-04-04,2932.157,7640.654,4371.745,7551.699,1196.487,3444.468,4732.81,7723.851,20462.065,3684.103,31870.02
2033-04-05,1625.991,7336.763,8547.3,8079.385,1512.005,8095.607,1198.976,24688.939,6838.616,4868.472,36396.027
2033-04-06,3392.953,5606.217,2811.647,6994.845,2422.041,12047.771,6864.84,10651.56,24763.997,4724.755,40140.312
2033-04-07,12407.349,7969.726,1467.781,3783.319,4307.253,3176.5,2289.426,22147.678,10964.643,2289.033,35401.354
2033-04-08,9402.336,4858.226,7642.413,9427.968,3792.525,4227.776,2759.613,18156.376,13860.874,10093.607,42110.857
2033-04-09,10024.789,9565.911,2204.979,8009.725,5283.719,6944.869,2115.119,11817.9,15672.24,16658.971,44149.111
2033-04-10,9401.363,14800.697,4656.873,5863.31,2363.808,3998.705,935.321,8394.468,20275.858,13349.752,42020.078
2033-04-11,4956.322,10451.412,4434.203,8116.103,1009.81,4115.245,15029.471,19100.238,11211.56,17800.769,48112.567
2033-04-12,6759.141,15582.837,10983.03,7898.685,887.522,791.921,2108.387,20104.665,10554.881,14351.977,45011.523
2033-04-13,6021.942,6644.551,3616.87,11369.636,2133.313,8699.823,7634.618,24295.093,15733.013,6092.646,46120.752
2033-04-14,14276.947,5592.489,8906.885,6789.682,2892.298,4762.455,4437.276,13457.7,27352.61,6847.723,47658.032
2033-04-15,2114.988,12130.332,1106.269,4172.129,11816.402,2870.598,2731.624,11088.111,13584.93,12269.301,36942.342
2033-04-16,18791.1,3080.382,4253.837,7726.286,3148.371,1572.878,1265.768,25845.834,10431.497,3561.29,39838.621
2033-04-17,6402.641,19079.326,1708.262,7345.958,2211.23,5268.941,2858.154,18780.128,7906.729,18187.655,44874.512
2033-04-18,7607.285,31068.475,1231.651,2148.378,2632.02,945.305,5544.218,6804.925,12836.963,31535.444,51177.332
2033-04-19,13279.916,6668.85,1137.609,5081.345,5071.846,4025.417,5411.931,17318.225,17865.087,5493.602,40676.914
2033-04-20,4193.73,12997.523,1637.991,1555.709,6691.689,2338.178,2519.744,3316.927,22739.432,5878.204,31934.563
2033-04-21,10453.952,7690.303,6699.98,5226.809,254.245,6325.425,3725.076,5575.858,23677.343,11122.588,40375.79
2033-04-22,5125.667,9180.354,2584.497,11076.187,353.82,7380.199,10949.09,17308.53,19483.142,9858.142,46649.814
2033-04-23,4454.765,7262.936,7101.869,3640.668,5941.105,7872.466,5551.856,5101.694,34762.779,1961.192,41825.665
2033-04-24,2060.909,7161.271,1036.266,15466.472,1388.222,6103.063,3514.779,9761.974,20704.837,6264.173,36730.983
2033-04-25,4063.012,9457.865,5255.47,1374.711,4238.74,7975.029,1040.705,9297.819,13406.893,10700.819,33405.531
2033-04-26,2708.215,13253.477,1624.768,25695.247,2707.327,4538.794,2846.763,9781.318,31676.054,11917.218,53374.59
2033-04-27,2086.142,10368.112,10004.486,6964.642,3570.025,5755.957,2797.124,16981.154,13723.866,10841.468,41546.488
2033-04-28,2047.317,8335.613,5265.133,3781.973,7921.33,9583.764,2259.41,8328.923,20013.876,10851.741,39194.54
2033-04-29,5771.101,6664.902,4179.148,4374.931,4395.62,8847.147,5471.666,8356.928,16098.257,15249.329,39704.514
2033-04-30,4611.64,9943.23,7809.024,13967.784,595.685,5053.673,3479.861,23594.101,14955.114,6911.681,45460.896
2033-05-01,3546.768,3593.342,3734.067,7499.823,792.065,2413.167,9405.113,13421.086,14540.403,3022.856,30984.345
2033-05-02,13591.603,12119.022,2129.119,2885.28,120.704,370.337,930.088,11584.962,10458.083,10103.108,32146.153
2033-05-03,9503.607,13090.324,2259.688,5711.416,828.899,1813.616,4796.316,9211.484,16040.337,12752.045,38003.867
2033-05-04,5028.629,12146.516,2658.6,3973.247,2547.065,4856.355,9525.8,7056.962,27027.652,6651.598,40736.212
2033-05-05,4316.669,13528.499,18970.158,1334.438,4184.077,1978.519,4209.776,10083.304,20877.179,17561.653,48522.137
2033-05-06,1366.998,3654.43,2276.045,20363.974,3998.365,4899.93,2758.028,6893.814,1926.936,30497.021,39317.771
2033-05-07,5815.173,13028.487,789.071,9504.349,5846.276,5384.693,3937.778,6619.077,8676.235,29010.515,44305.826
2033-05-08,153.792,14108.844,1143.957,7755.152,1513.782,1050.399,5873.588,9075.938,12667.226,9856.349,31599.513
2033-05-09,4800.148,11196.067,1178.922,12387.096,4190.384,1134.951,6347.855,9211.805,29002.426,3021.193,41235.424
2033-05-10,5243.886,12147.381,3496.792,14262.498,3776.569,6455.121,1748.46,7448.863,25728.556,13953.288,47130.708
2033-05-11,3667.595,16686.917,5311.401,9220.61,1901.971,2519.83,4523.22,9093.643,21238.771,13499.13,43831.544
2033-05-12,5597.002,7321.149,7651.636,9554.49,552.262,5169.501,4961.465,4813.566,29194.567,6799.373,40807.506
2033-05-13,3314.198,9290.697,2029.541,8387.298,422.053,7403.361,5787.012,14039.974,16140.128,6454.058,36634.159
2033-05-14,5378.65,13613.397,3888.793,7205.607,302.603,1575.06,5655.283,11291.922,16704.254,9623.218,37619.393
2033-05-15,11862.016,8650.853,3169.608,6488.111,4203.793,10231.957,2160.522,17604.981,26582.193,2579.686,46766.859
2033-05-16,2564.213,6236.848,11716.957,10102.216,266.568,811.31,8923.844,12033.746,11189.796,17398.414,40621.956
2033-05-17,9644.855,22284.657,821.611,6588.421,1209.379,909.498,282.414,16841.063,20631.461,4268.311,41740.836
2033-05-18,1189.704,9106.807,539.627,11611.886,8041.894,1381.424,2081.349,11155.762,17375.633,5421.296,33952.691
2033-05-19,4094.416,4439.614,3389.876,12961.807,1899.631,9688.782,2245.555,11578.81,25352.513,1788.358,38719.682
2033-05-20,8480.267,12285.039,4154.114,7399.271,4305.047,4837.721,1760.934,17689.839,17674.797,7857.757,43222.393
2033-05-21,5961.769,2613.408,605.847,14232.573,8214.706,6629.75,2335.866,20606.789,6468.058,13519.072,40593.919
2033-05-22,4626.638,13635.354,2969.574,8254.517,856.625,4372.627,4671.795,10563.078,13930.743,14893.309,39387.129
2033-05-23,1801.239,2641.987,2910.808,6443.419,3671.94,13219.358,3713.042,11743.542,13811.952,8846.299,34401.792
2033-05-24,12817.995,3425.455,7997.145,5889.513,6289.134,5779.478,6203.737,10130.769,32490.614,5781.074,48402.457
2033-05-25,4444.72,8408.814,2499.808,2992.561,2112.263,9922.34,1151.947,11764.422,13239.039,6528.992,31532.453
2033-05-26,2773.128,8493.83,2956.355,7678.998,1887.249,2420.344,23782.133,19184.786,24585.564,6221.687,49992.038
2033-05-27,3588.896,5136.791,13301.74,8713.77,5684.53,4087.567,2382.027,18100.961,21887.937,2906.421,42895.32
2033-05-28,3605.736,5555.614,9679.196,7720.172,990.418,12999.95,4742.881,12150.732,19527.964,13615.271,45293.966
2033-05-29,2173.425,7744.268,5577.577,12940.784,115.742,1993.171,6520.974,8878.8,9981.018,18206.125,37065.942
2033-05-30,9520.222,3423.548,10879.775,3237.674,1541.07,10447.846,14869.618,18114.954,31376.44,4428.36,53919.754
2033-05-31,8857.903,7221.608,664.615,9263.47,1880.162,2166.154,3404.107,9740.844,19792.769,3924.405,33458.019
2033-06-01,7159.043,7009.886,6560.036,1420.263,3488.815,9644.195,2945.67,6593.551,19865.159,11769.199,38227.908
2033-06-02,10892.972,8099.811,9586.486,8124.969,161.703,7894.804,6254.528,15603.163,23179.237,12232.873,51015.273
2033-06-03,1117.531,12666.389,9530.825,4697.025,4877.937,1287.518,1063.2,14603.99,15254.308,5382.127,35240.425
2033-06-04,6794.658,7026.265,4785.122,4940.053,2483.635,6667.198,424.204,9323.537,11530.185,12267.413,33121.134
2033-06-05,4688.416,14286.732,10870.013,8311.711,1490.046,6220.983,2404.283,17251.262,16453.996,14566.926,48272.185
2033-06-06,2190.456,7712.535,3649.354,3769.854,4199.289,7028.05,4759.508,8071.172,9041.628,16196.247,33309.046
2033-06-07,8596.226,7774.242,485.757,10419.51,5611.027,5769.541,1196.033,16851.443,11801.908,11198.985,39852.336
2033-06-08,3435.467,8148.868,10181.176,6055.313,1485.443,9580.103,3380.237,12685.605,20336.325,9244.678,42266.608
2033-06-09,12760.926,10961.171,8772.71,3724.03,521.502,8493.912,1949.622,24573.94,13380.512,9229.42,47183.873
2033-06-10,9496.829,10907.84,3387.58,2517.325,1996.853,5130.043,4710.535,12021.665,22510.117,3615.223,38147.005
2033-06-11,4843.018,6415.589,3877.507,6256.804,6759.697,2910.47,5724.922,20001.124,12768.52,4018.364,36788.008
2033-06-12,8060.729,10458.521,3028.678,7352.916,6714.69,7634.755,1622.504,8479.371,29066.839,7326.582,44872.792
2033-06-13,23041.729,2342.618,4755.405,1850.075,2378.863,976.382,5277.94,11518.098,22147.774,6957.139,40623.011
2033-06-14,10916.183,7076.971,7762.982,12796.547,1744.237,2390.257,4004.082,816.587,43354.68,2519.992,46691.259
2033-06-15,14640.938,5303.637,1797.456,12698.227,74.178,4808.813,12913.757,6598.368,33612.903,12025.734,52237.005
2033-06-16,4840.826,8062.698,7442.172,7525.949,446.849,2532.263,12775.577,6523.751,16982.837,20119.745,43626.333
2033-06-17,3477.402,13335.572,1475.491,12699.979,1002.837,2924.818,5134.896,6562.719,14600.019,18888.258,40050.996
2033-06-18,8226.755,3211.891,873.358,15545.522,936.541,13007.98,8410.783,13959.069,14276.261,21977.501,50212.83
2033-06-19,3826.937,7864.122,1317.748,5275.876,1751.243,6543.218,2654.904,12800.958,9933.492,6499.597,29234.047
2033-06-20,3473.532,6005.47,5417.499,7544.206,3244.89,6110.54,6559.292,9602.561,17768.674,10984.194,38355.429
2033-06-21,4325.081,9130.749,6939.449,13050.767,2589.276,8094.626,4382.599,17852.495,11948.763,18711.288,48512.547
2033-06-22,6680.936,2033.746,1671.105,2885.293,11392.981,3193.288,9270.193,10806.445,21301.309,5019.789,37127.543
2033-06-23,2481.118,3799.376,6222.759,11294.435,4920.492,541.878,6822.234,3067.536,24946.796,8067.961,36082.293
2033-06-24,9625.656,6229.244,6489.659,6365.714,5237.541,11456.387,3542.109,16427.619,17077.201,15441.489,48946.309
2033-06-25,16982.894,1732.392,8899.793,7131.903,424.43,7859.142,2044.693,17383.652,19009.145,8682.451,45075.247
2033-06-26,5061.142,12840.217,4659.396,8802.7,460.609,9951.142,8949.483,20426.168,19861.177,10437.345,50724.69
2033-06-27,6542.768,6471.689,7327.817,15385.455,3513.482,3619.326,778.033,19906.161,15735.926,7996.483,43638.57
2033-06-28,6728.223,5044.477,12200.517,2271.695,5587.084,2828.212,1687.99,14942.886,12966.164,8439.148,36348.198
2033-06-29,3985.442,22480.592,2905.629,3818.659,288.919,6317.937,1728.089,17696.51,18799.202,5029.554,41525.266
2033-06-30,16293.319,4145.966,675.578,7151.264,4109.964,6009.202,3851.132,8293.912,26435.236,7507.277,42236.425
2033-07-01,11118.794,14543.496,2699.958,7290.622,2173.429,6326.139,3186.881,12951.905,20244.892,14142.521,47339.319
2033-07-02,4248.05,10564.167,4605.69,2080.803,2348.578,10038.394,362.498,14117.31,10321.452,9809.419,34248.18
2033-07-03,4706.411,3630.231,1012.829,10529.216,2073.639,8289.843,11462.719,12959.314,24727.428,4018.145,41704.887
2033-07-04,2958.454,7680.422,2660.813,12219.317,684.163,11711.179,475.935,6701.345,14989.215,16699.721,38390.282
2033-07-05,5783.987,9198.661,3291.908,10886.021,3556.298,4501.765,2873.864,4084.985,27345.568,8661.951,40092.504
2033-07-06,2331.761,5916.348,4718.643,6520.36,6419.418,7539.241,2297.386,14145.848,15843.426,5753.882,35743.156
2033-07-07,5834.402,5047.375,1372.597,11830.399,5994.931,2228.725,4810.765,19210.898,7789.537,10118.758,37119.193
2033-07-08,13224.986,6356.195,9782.152,12163.566,3051.556,1468.804,3471.307,14171.734,22164.791,13182.042,49518.567
2033-07-09,9214.547,8483.026,9239.942,9148.262,501.497,3572.209,6465.292,14938.486,20784.971,10901.317,46624.774
2033-07-10,9357.075,13955.448,2533.781,1618.803,2672.802,1235.21,8168.953,12367.893,18411.017,8763.161,39542.071
2033-07-11,13133.544,8251.687,6260.188,13519.661,276.362,2106.69,4608.75,9870.161,20487.934,17798.788,48156.883
2033-07-12,11545.488,23979.479,351.272,3771.43,719.98,1219.046,2645.684,17990.852,21606.566,4634.961,44232.379
2033-07-13,14204.417,5113.686,10778.532,10420.13,5400.163,9271.956,1245.621,21756.878,23899.485,10778.142,56434.506
2033-07-14,14112.477,8488.407,6373.374,8899.704,1968.701,2700.676,1189.32,21319.099,7913.589,14499.971,43732.659
2033-07-15,5936.466,10063.597,172.518,8374.925,2030.761,8493.913,1196.17,20652.925,10903.083,4712.342,36268.349
2033-07-16,6381.288,15598.169,5506.471,8166.973,5282.735,6369.089,1583.759,11131.718,24889.969,12866.796,48888.484
2033-07-17,9233.623,10463.532,6387.579,7969.168,4733.698,7440.589,1947.455,12988.68,24645.085,10541.88,48175.645
2033-07-18,10098.763,6605.229,5175.624,8634.779,2540.961,3847.278,9120.676,6318.838,34351.475,5352.998,46023.311
2033-07-19,2468.088,3621.107,7597.035,12307.007,12745.726,2316.323,330.53,8590.097,16800.406,15995.313,41385.816
2033-07-20,9302.406,4972.28,3388.556,6592.809,1778.133,7319.907,1710.119,8839.85,20418.925,5805.435,35064.21
2033-07-21,9793.938,15048.615,5611.034,5460.029,5545.659,3764.966,3900.787,14294.357,29070.336,5760.333,49125.027
2033-07-22,7013.651,4579.915,8889.185,4941.825,1976.503,8066.332,1416.041,10129.586,23086.971,3666.894,36883.451
2033-07-23,3121.654,10256.824,3504.924,11563.083,2564.634,11186.747,2101.369,7614.639,11167.16,25517.436,44299.235
2033-07-24,12656.116,11629.754,737.224,10380.335,5297.186,3911.272,3089.825,34356.37,11262.62,2082.722,47701.712
2033-07-25,10773.133,5960.193,5302.355,17616.839,1389.738,3222.469,1324.579,22139.11,17247.391,6202.806,45589.307
2033-07-26,3666.064,8619.433,2449.355,22067.273,1062.587,2678.775,7798.893,23704.176,18778.904,5859.301,48342.381
2033-07-27,3952.061,13310.433,9120.858,5536.085,2232.127,3749.883,4552.012,21986.046,13495.822,6971.591,42453.46
2033-07-28,6995.975,14929.58,5788.963,11817.141,1111.911,6906.947,4567.334,13548.074,24305.892,14263.885,52117.851
2033-07-29,1235.383,4818.391,1541.314,6845.498,18386.095,14125.627,623.158,16839.211,10992.395,19743.861,47575.466
2033-07-30,9855.31,2287.25,3210.529,1774.651,2763.2,15076.218,3112.961,5302.172,20209.31,12568.637,38080.119
2033-07-31,7060.388,9141.122,7113.912,7426.649,3161.594,5783.128,5257.912,20189.069,16918.953,7836.684,44944.706
2033-08-01,7590.175,3974.51,12199.891,6453.27,1054.008,7652.645,8335.222,15468.319,30333.02,1458.382,47259.722
2033-08-02,7997.353,4404.864,5296.97,10748.955,2378.612,2621.55,7152.744,18057.19,19962.174,2581.682,40601.047
2033-08-03,872.504,10891.054,1758.195,8352.983,6933.691,14475.713,15966.891,17536.204,30659.389,11055.438,59251.031
2033-08-04,12991.265,19069.594,4641.863,1581.161,2166.202,3552.073,2499.961,15977.293,18310.168,12214.658,46502.118
2033-08-05,11409.374,12793.228,6764.75,6999.542,2556.217,4045.423,1120.762,18932.449,22169.206,4587.64,45689.296
2033-08-06,3541.656,17325.253,5973.601,3895.03,2475.789,2515.966,9938.335,12206.989,30304.403,3154.238,45665.63
2033-08-07,644.425,16832.797,12707.77,11765.466,435.573,2940.238,3592.921,22623.386,17550.153,8745.65,48919.189
2033-08-08,5047.673,8721.383,7341.882,6483.759,2134.256,8655.029,11513.699,18454.738,13609.718,17833.226,49897.682
2033-08-09,7657.851,1504.677,2297.746,3122.676,8950.385,9438.227,13103.042,19419.564,21569.976,5085.063,46074.604
2033-08-10,6388.287,2293.989,4216.93,2987.729,6549.128,15129.26,4664.49,6075.586,30397.816,5756.412,42229.814
2033-08-11,5597.326,9922.139,7998.107,7897.254,2010.004,4270.753,5128.899,11531.397,25617.377,5675.706,42824.481
2033-08-12,3051.477,5601.268,8069.234,8456.461,2805.121,9181.701,16317.737,24430.053,21416.282,7636.663,53482.998
2033-08-13,13025.398,5658.57,909.887,12358.678,10460.515,6900.429,2160.08,12626.356,10301.007,28546.195,51473.557
2033-08-14,1550.817,11577.363,637.196,22656.872,5946.605,7374.244,1025.486,12954.177,22432.757,15381.65,50768.583
2033-08-15,2350.964,14295.799,3997.601,13164.63,2619.784,9263.469,5757.116,13641.741,22946.307,14861.316,51449.364
2033-08-16,10830.806,10169.975,3865.366,8300.371,322.371,2052.161,920.756,5961.989,27402.806,3097.011,36461.806
2033-08-17,8121.984,14990.444,7921.086,7370.179,291.905,4622.573,2655.087,15302.6,28511.214,2159.443,45973.257
2033-08-18,1299.519,10579.885,2383.183,4065.981,1580.531,5798.924,8053.252,9980.043,19705.504,4075.729,33761.275
2033-08-19,3176.844,16091.279,3683.243,7576.41,3968.693,1778.407,8981.79,22037.322,19066.719,4152.623,45256.665
2033-08-20,6701.699,20434.527,4945.286,6422.917,8840.227,3573.707,3147.385,12187.8,29783.244,12094.706,54065.75
2033-08-21,7569.526,20881.6,4327.997,5524.663,870.809,13134.782,3632.289,30383.581,11531.631,14026.453,55941.665
2033-08-22,3063.413,12774.009,637.814,18916.4,6613.396,2515.178,1290.078,13021.772,28428.976,4359.54,45810.288
2033-08-23,3709.978,14768.645,797.775,8103.408,1162.368,16295.414,5642.974,20621.802,22239.296,7619.466,50480.563
2033-08-24,14381.728,2349.435,6499.595,5614.03,21.977,3619.519,5545.334,9105.495,21591.99,7334.132,38031.618
2033-08-25,5296.946,7038.288,8762.269,2348.859,4247.604,16655.765,3096.235,14565.272,28342.723,4537.97,47445.966
2033-08-26,8981.279,12574.502,6075.488,13792.954,5294.798,1697.644,4022.538,10713.015,29095.112,12631.075,52439.202
2033-08-27,13898.23,12813.608,2332.984,4056.625,353.592,3612.047,5282.887,17876.146,14368.381,10105.446,42349.973
2033-08-28,1857.883,12172.036,6698.189,12620.053,8443.475,5941.361,3800.948,14106.364,17368.334,20059.249,51533.946
2033-08-29,6198.362,8462.561,6837.031,12269.782,1108.462,11988.898,5920.618,23169.134,18213.296,11403.284,52785.715
2033-08-30,7621.61,5983.737,3629.989,15484.788,1458.064,2937.75,4758.988,17527.578,10982.094,13365.254,41874.926
2033-08-31,4238.05,3836.269,3600.756,21393.672,4891.469,4630.533,18193.285,12420.583,38074.8,10288.651,60784.034
2033-09-01,3027.732,10536.215,8761.541,12072.717,1485.728,416.835,13730.798,11166.099,31159.163,7706.303,50031.565
2033-09-02,13318.015,7199.968,3667.437,17989.341,3912.166,5114.354,651.4,11753.056,30411.428,9688.197,51852.681
2033-09-03,5219.748,5859.666,1055.773,7012.603,5978.581,7680.824,4515.665,10425.872,20407.409,6489.579,37322.86
2033-09-04,9312.384,11205.765,1376.144,10526.464,3167.663,2836.501,1237.651,4015.662,24358.753,11288.158,39662.572
2033-09-05,3167.891,3627.206,9687.434,8522.747,3655.51,11230.692,9228.643,13599.207,28128.47,7392.446,49120.123
2033-09-06,9208.153,14731.94,2954.186,2994.243,8565.791,5123.899,2728.438,5370.855,33265.594,7670.201,46306.65
2033-09-07,13335.612,12277.127,8553.424,3986.879,1124.456,3409.763,1367.84,23241.738,7506.051,13307.311,44055.1
2033-09-08,2410.728,7859.491,6564.122,8825.015,5764.773,16479.849,2619.499,11551.36,21630.4,17341.717,50523.477
2033-09-09,9285.324,7916.313,15312.149,2717.143,542.965,2884.494,6854.094,19959.567,18223.732,7329.183,45512.482
2033-09-10,5055.508,20527.067,3638.692,3293.196,1929.729,2251.396,8060.047,7730.453,24220.02,12805.161,44755.633
2033-09-11,850.033,12514.256,5862.136,3674.165,1365.373,5131.272,5801.358,17268.82,9927.448,8002.326,35198.594
2033-09-12,10622.719,9081.345,1764.288,3888.027,186.01,3170.043,13141.635,7668.661,19024.444,15160.964,41854.068
2033-09-13,14936.439,9278.772,2841.797,10105.855,4812.586,6765.014,5950.201,13372.64,36619.097,4698.926,54690.663
2033-09-14,6152.069,9612.887,6921.355,3690.19,1402.869,4257.89,3007.194,10847.138,18202.889,5994.428,35044.454
2033-09-15,9308.664,14772.704,6455.482,11247.323,557.542,7425.308,2474.456,23301.774,20625.324,8314.382,52241.479
2033-09-16,3577.78,6028.407,5612.901,12908.35,339.271,6824.591,7451.115,18497.07,22778.418,1466.929,42742.416
2033-09-17,10335.316,6463.018,2110.309,2290.642,6524.711,8030.251,407.871,11595.168,17246.353,7320.598,36162.119
2033-09-18,692.009,14016.173,915.548,13793.831,3755.175,4939.3,7142.646,15013.982,13100.357,17140.343,45254.682
2033-09-19,8790.528,5026.825,4500.451,9628.505,5724.618,7120.762,3101.477,8730.893,13328.837,21833.435,43893.166
2033-09-20,5233.694,4300.946,5640.404,9093.926,9826.467,10207.539,1500.4,17999.961,21676.964,6126.451,45803.376
2033-09-21,9387.659,8897.081,3113.424,4691.416,735.361,7710.472,2993.206,17084.593,8553.318,11890.708,37528.619
2033-09-22,6326.763,23923.434,5181.801,2178.959,863.921,3055.072,2089.789,17159.528,15231.114,11229.097,43619.74
2033-09-23,13911.739,7352.01,9785.633,3473.881,2496.734,1774.729,4956.482,12205.582,22429.703,9115.922,43751.207
2033-09-24,4968.437,8597.335,9083.714,5563.223,1162.387,11098.676,6947.381,19892.429,12577.814,14950.911,47421.154
2033-09-25,10729.725,6233.521,1688.421,9435.573,2267.072,3618.305,2216.594,7602.05,9428.859,19158.301,36189.211
2033-09-26,7501.511,6134.98,3836.663,14395.443,412.555,10422.022,195.347,6286.045,9928.1,26684.376,42898.521
2033-09-27,5195.49,7312.448,3055.088,20604.83,1396.568,4315.468,6496.872,15051.759,25827.295,7497.711,48376.765
2033-09-28,10353.163,13639.574,1918.472,7020.713,8634.751,3929.385,738.728,15609.964,27333.666,3291.156,46234.786
2033-09-29,1910.475,5292.408,5816.641,18730.189,3657.877,2527.788,4544.283,4682.142,29437.951,8359.567,42479.66
2033-09-30,7054.532,12292.918,5717.258,8317.572,8682.155,3102.636,2325.01,12198.607,25717.045,9576.429,47492.081
2033-10-01,219.799,6275.211,1671.845,10097.903,6552.852,7831.871,1214.146,9219.317,9892.056,14752.255,33863.627
2033-10-02,10217.66,3948.363,10705.139,3271.034,3487.06,5590.145,5408.898,6331.044,26988.503,9308.753,42628.3
2033-10-03,9180.794,13684.175,8275.159,8165.595,3119.092,1313.479,4300.341,22843.098,21692.086,3503.451,48038.635
2033-10-04,9872.259,6719.599,5853.204,8142.054,8527.827,3377.075,5797.682,22587.982,12823.094,12878.624,48289.7
2033-10-05,5027.452,16956.63,8092.742,8227.851,2386.856,4218.126,2891.872,7771.519,20369.808,19660.204,47801.531
2033-10-06,3009.621,9510.634,5615.22,7437.755,6894.989,4106.199,10349.707,21520.043,16752.336,8651.746,46924.124
2033-10-07,5056.48,16513.266,1957.15,4629.146,1665.363,10082.424,8400.985,20588.109,24456.084,3260.619,48304.812
2033-10-08,8368.417,8721.351,1962.038,6239.696,2649.504,4095.531,5787.379,6671.875,15300.789,15851.251,37823.915
2033-10-09,8200.865,12234.93,5622.767,10205.423,7150.094,5662.301,1241.156,9770.211,19826.351,20720.974,50317.536
2033-10-10,6034.323,6708.347,2227.794,9770.571,9183.74,7726.68,842.974,12289.686,6562.608,23642.133,42494.428
2033-10-11,6110.913,14155.446,4806.443,7655.526,8271.122,3031.437,1191.079,6497.19,28389.876,10334.9,45221.966
2033-10-12,12846.621,6446.35,13802.074,11840.494,4880.03,1227.179,2412.198,9470.975,31839.555,12144.416,53454.946
2033-10-13,12830.897,9917.494,1808.779,6188.994,4357.836,2992.489,2504.975,26701.023,9602.612,4297.829,40601.464
2033-10-14,10285.082,3192.239,1666.229,8612.992,3493.1,7739.66,674.549,15672.08,17168.727,2823.043,35663.85
2033-10-15,6597.151,6796.062,2960.503,20443.2,1321.686,2952.749,1340.331,30622.068,7869.042,3920.573,42411.683
2033-10-16,16129.621,4288.366,9483.172,9221.768,2527.989,2037.357,3446.401,14616.026,25128.618,7390.03,47134.675
2033-10-17,9370.74,5486.618,5739.904,3010.072,1682.436,12167.676,1112.017,11627.607,24522.454,2419.402,38569.463
2033-10-18,3447.454,17626.033,1392.723,5805.069,8178.373,8560.206,2763.271,14690.157,28596.584,4486.388,47773.129
2033-10-19,5414.065,8702.802,2146.124,7537.855,4406.17,15483.067,4222.715,8985.287,8866.674,30060.837,47912.798
2033-10-20,4702.065,3566.358,1170.686,10051.808,5344.524,4845.917,2668.668,10250.679,19510.242,2589.104,32350.025
2033-10-21,14236.344,9428.132,1944.363,8006.217,468.022,1663.269,6490.671,18737.687,22596.535,902.798,42237.019
2033-10-22,1179.224,16117.36,1788.791,8204.698,5332.564,2199.67,772.676,11159.318,21003.765,3431.899,35594.982
2033-10-23,5145.641,4618.387,7335.981,8159.285,3847.156,4963.709,3444.509,18944.038,10160.554,8410.075,37514.667
2033-10-24,13400.272,5532.023,4896.108,8540.099,8023.776,2511.07,423.169,13164.17,13420.442,16741.905,43326.517
2033-10-25,2096.653,2584.504,8689.614,3565.418,2419.212,10502.243,7768.175,7505.009,16218.357,13902.453,37625.819
2033-10-26,11446.452,7110.893,5578.064,7839.109,4076.933,958.544,2592.465,16909.342,14440.753,8252.364,39602.46
2033-10-27,8725.298,8010.897,8720.436,1821.535,3500.205,1661.649,3535.261,21147.194,6396.017,8432.07,35975.281
2033-10-28,7314.108,10734.854,1803.932,10904.047,1970.802,3201.839,8999.202,18149.306,13070.299,13709.18,44928.784
2033-10-29,3452.067,11343.407,6529.506,5736.061,956.381,2932.347,9091.574,17669.345,18323.049,4048.951,40041.345
2033-10-30,8796.703,3344.918,2877.004,7409.935,3813.943,1121.498,13796.059,21651.965,13295.464,6212.631,41160.06
2033-10-31,4735.604,3264.945,3087.555,14069.493,2672.679,2493.357,6247.257,9534.915,15317.077,11718.898,36570.89
2033-11-01,19658.699,10748.754,1486.073,233.842,7230.693,6975.988,377.254,14961.301,18134.201,13615.801,46711.303
2033-11-02,5981.924,13285.811,8057.519,3764.903,2711.406,5340.829,4132.477,3634.521,26165.872,13474.477,43274.87
2033-11-03,1917.617,5528.61,3815.725,9212.133,858.652,5965.327,2509.161,4841.075,13000.625,11965.525,29807.224
2033-11-04,7570.424,21910.884,4042.55,2050.869,4835.217,6799.483,1716.333,23851.503,16419.047,8655.209,48925.76
2033-11-05,8455.329,7389.725,6834.689,2647.391,6232.666,3884.478,4111.708,9149.487,25363.692,5042.806,39555.986
2033-11-06,10015.305,11607.095,995.368,5762.912,4318.596,1537.057,3946.964,5750.61,16089.3,16343.387,38183.298
2033-11-07,3455.891,6133.787,7207.541,9609.423,2347.783,3978.526,2811.333,3662.999,22185.5,9695.786,35544.284
2033-11-08,1661.358,13429.323,5151.514,6648.516,739.743,9405.838,5151.916,11013.788,19506.197,11668.223,42188.208
2033-11-09,4468.369,11667.875,2908.862,5772.748,5096.429,13709.134,1714.804,7618.485,31139.367,6580.369,45338.221
2033-11-10,7432.644,12941.511,5703.898,1837.208,3261.878,2597.358,6867.796,29652.816,9140.803,1848.675,40642.295
2033-11-11,3783.12,13202.47,6838.497,8405.858,7586.25,482.264,7031.533,2709.862,15647.311,28972.82,47329.993
2033-11-12,3388.283,4813.114,1397.897,17274.53,11294.319,2031.72,5028.33,8697.089,31271.43,5259.674,45228.193
2033-11-13,13016.814,10719.877,2252.065,3058.294,2985.942,2831.165,6323.22,13105.33,13486.139,14595.909,41187.378
2033-11-14,4682.826,9125.161,2798.993,17417.226,7168.632,1997.884,2187.749,13685.346,19723.347,11969.777,45378.47
2033-11-15,11243.715,4582.764,4000.525,7089.29,1677.292,4533.917,6613.778,2385.484,30335.617,7020.18,39741.281
2033-11-16,4854.413,10101.782,6437.762,5000.315,2660.265,3265.504,811.759,15114.057,8956.156,9061.587,33131.8
2033-11-17,7337.037,11031.893,6267.114,9382.572,912.436,4383.575,3181.48,17170.944,18257.269,7067.894,42496.107
2033-11-18,2908.667,13266.949,4000.401,3069.186,1155.425,14689.237,4308.737,13112.496,8943.872,21342.234,43398.603
2033-11-19,7903.857,13498.414,6467.056,3675.851,1596.253,3787.338,4884.513,25440.946,15083.947,1288.39,41813.283
2033-11-20,7367.433,2906.511,1796.2,8743.044,211.063,4893.536,8250.378,4992.908,25102.714,4072.545,34168.167
2033-11-21,7835.235,3594.191,6118.176,6407.017,1107.795,4776.531,999.428,9825.348,12316.669,8696.356,30838.373
2033-11-22,4099.581,5585.348,10173.009,3166.012,2854.019,5917.589,345.929,12904.393,16974.082,2263.012,32141.487
2033-11-23,4189.422,13190.83,995.967,5419.596,39.192,4949.931,1762.901,3464.94,8231.947,18850.953,30547.84
2033-11-24,9476.045,9602.656,4331.646,6053.464,3596.668,7474.739,3519.376,5887.526,26400.68,11766.388,44054.594
2033-11-25,4279.859,11630.382,2740.032,6905.071,561.438,8227.367,12951.188,7977.754,21581.214,17736.37,47295.338
2033-11-26,4084.104,3148.19,1204.685,10469.541,7873.464,2549.268,6673.641,11457.721,19739.857,4805.314,36002.892
2033-11-27,5066.498,7582.619,4991.326,11015.538,3334.165,4866.771,1480.079,11098.396,18853.222,8385.377,38336.996
2033-11-28,2424.039,13388.939,7054.586,3159.849,289.355,5725.782,4953.613,11498.091,20281.96,5216.111,36996.162
2033-11-29,6013.402,11196.451,2349.408,4808.567,3627.216,2648.635,1879.052,3672.756,15536.866,13313.109,32522.731
2033-11-30,8487.818,4562.633,2619.19,7541.445,1581.031,7090.589,4021.071,10706.692,13934.29,11262.796,35903.778
2033-12-01,6686.265,5622.801,2746.106,7191.857,8772.188,4084.743,10034.397,14017.659,23141.233,7979.465,45138.357
2033-12-02,9833.442,9164.26,3351.44,9558.25,3103.266,11551.06,1808.202,22064.347,6932.63,19372.943,48369.92
2033-12-03,5714.399,7909.562,278.4,4145.656,3508.8,13415.292,1439.248,19489.729,4872.916,12048.71,36411.355
2033-12-04,6391.204,5613.891,1109.322,13971.469,2308.506,5660.79,12114.954,27563.251,10190.178,9416.707,47170.136
2033-12-05,3926.869,15424.897,1885.186,15394.844,8094.208,752.078,2680.971,26132.288,14910.83,7115.935,48159.052
2033-12-06,9024.706,4083.053,3761.826,7249.918,3361.261,202.435,5920.9,9243.422,5772.279,18588.398,33604.099
2033-12-07,0.0,0.0,0.0,0.0,0.0,0.0,0.0,0.0,0.0,0.0,0.0
2033-12-08,2819.658,4612.182,2663.715,7423.957,4965.302,13666.158,2636.338,3141.372,19591.716,16054.223,38787.311
2033-12-09,6747.064,10940.615,2844.523,8595.578,1263.601,12806.821,6858.351,23161.687,21083.631,5811.234,50056.552
2033-12-10,20840.03,1708.596,1000.158,5100.596,3577.026,3162.277,1614.7,11625.151,12410.475,12967.756,37003.382
2033-12-11,10834.293,12513.65,823.253,7829.961,1642.587,4572.253,6918.437,7078.551,16988.993,21066.89,45134.435
2033-12-12,10376.868,8277.191,8342.669,5465.615,3745.955,3667.696,3374.322,5748.696,27963.383,9538.239,43250.317
2033-12-13,9431.386,10073.807,851.583,11222.696,213.632,5104.095,896.757,19735.198,11068.54,6990.217,37793.955
2033-12-14,485.774,4907.515,2125.068,26589.98,5938.229,2799.534,766.815,5959.448,8889.731,28763.734,43612.913
2033-12-15,6554.47,6835.911,5448.833,9503.589,2447.795,10334.114,2050.579,10894.614,12087.797,20192.881,43175.292
2033-12-16,4782.054,6860.839,5300.774,11468.82,4855.773,9436.431,946.535,16522.613,13215.843,13912.77,43651.225
2033-12-17,2875.148,10169.076,930.406,5604.63,1658.431,13554.968,3339.721,16868.657,18305.52,2958.204,38132.38
2033-12-18,8685.016,16115.999,2913.601,14083.086,361.18,7278.168,1956.321,18021.913,29534.731,3836.727,51393.371
2033-12-19,5245.468,12124.223,502.315,2640.402,3361.019,6685.577,4192.872,3571.631,13367.699,17812.544,34751.875
2033-12-20,1992.887,10227.174,6277.847,6139.137,7831.71,7572.1,1740.951,15952.129,22911.163,2918.514,41781.806
2033-12-21,8457.874,3915.421,2684.902,9000.847,1295.154,5983.087,7252.594,18934.156,16658.166,2997.558,38589.88
2033-12-22,9436.536,7465.537,788.868,3947.979,189.069,4502.191,18114.927,22006.725,5720.295,16718.088,44445.108
2033-12-23,5767.273,8315.849,2315.233,12811.626,139.021,2448.46,2260.236,1379.643,15235.526,17442.527,34057.697
2033-12-24,4222.174,9991.598,4884.722,6960.862,5669.435,2633.431,5567.008,14022.43,15140.124,10766.676,39929.231
2033-12-25,558.614,21554.004,4501.432,1748.302,4420.606,1112.319,5722.38,11254.627,20539.041,7823.989,39617.657
2033-12-26,8806.225,6587.537,5988.294,11136.888,2138.903,2604.076,1546.131,17179.068,15952.568,5676.419,38808.055
2033-12-27,892.898,8999.885,7140.469,11837.956,1059.828,4645.114,4223.013,8089.431,23751.372,6958.36,38799.163
2033-12-28,4333.264,14225.874,6045.649,12914.128,7114.203,3925.217,1143.741,9715.699,23724.8,16261.578,49702.077
2033-12-29,4864.573,7541.95,1497.636,11916.452,2059.273,5570.281,3121.769,15249.033,9831.622,11491.279,36571.934
2033-12-30,4120.677,11853.202,758.371,10059.699,2377.142,10410.799,2554.827,11633.797,15837.837,14663.082,42134.716
2033-12-31,9780.407,11285.06,7811.71,4238.504,2477.677,2745.834,2157.286,9250.432,26081.131,5164.916,40496.478
2034-01-01,7612.273,12413.879,3455.944,9813.024,226.128,8243.337,4389.96,21726.448,13573.022,10855.076,46154.546
2034-01-02,14450.995,7319.277,603.693,21478.709,4632.908,1513.045,2515.592,20680.905,16245.766,15587.549,52514.22
2034-01-03,834.713,11319.716,1787.112,9690.995,2434.741,6216.705,8682.379,14421.102,15555.827,10989.431,40966.361
2034-01-04,7915.857,4667.218,6597.709,17672.09,1069.273,8546.86,5285.026,24833.54,16883.829,10036.664,51754.033
2034-01-05,11166.768,12379.749,5606.066,8596.506,554.957,7352.955,1173.676,12507.017,31318.716,3004.944,46830.677
2034-01-06,4352.717,9806.789,951.192,8800.194,1326.89,4065.43,4569.148,15610.03,4979.383,13282.948,33872.361
2034-01-07,6223.317,5142.606,12291.269,8518.713,4582.423,4175.461,10369.085,10404.628,13932.704,26965.542,51302.874
2034-01-08,9562.497,4678.406,2805.171,4396.347,3370.163,7102.175,8370.009,5560.197,30583.407,4141.165,40284.769
2034-01-09,8604.585,6349.677,2555.18,14830.004,3034.818,9802.634,2722.816,5629.263,27910.647,14359.803,47899.714
2034-01-10,3107.974,11457.414,4491.063,7623.717,1865.62,9390.377,4566.643,17203.215,21866.885,3432.708,42502.808
2034-01-11,6058.369,11436.707,1340.291,8950.747,1238.959,2944.933,11444.064,11525.018,28794.969,3094.082,43414.069
2034-01-12,5903.658,7927.007,8115.472,9398.21,285.538,2113.662,3524.003,6870.046,26471.132,3926.372,37267.55
2034-01-13,8761.89,4457.234,3433.582,10916.591,2164.67,10578.029,4043.346,9362.84,15758.39,19234.112,44355.342
2034-01-14,3889.685,9049.269,4004.376,9820.677,3751.746,4116.137,4262.609,8055.847,16930.902,13907.75,38894.499
2034-01-15,2153.531,21772.637,2329.006,18444.008,5098.713,8303.138,1182.454,28037.622,20715.577,10530.288,59283.488
2034-01-16,1239.162,14882.788,14331.917,7699.416,474.165,5772.969,4255.947,4737.262,13949.831,29969.272,48656.364
2034-01-17,14352.739,15180.584,3955.165,5438.98,7373.069,2239.546,1307.828,22569.593,24141.445,3136.874,49847.912
2034-01-18,3708.252,21803.268,8847.155,5816.916,6815.911,9770.094,1209.983,5448.565,34221.343,18301.671,57971.579
2034-01-19,7060.489,11133.525,1071.353,4786.661,2202.406,1898.449,9311.151,14058.426,16750.266,6655.342,37464.034
2034-01-20,9554.067,9093.883,4314.436,3600.266,2616.693,10370.954,3784.9,10757.86,18946.07,13631.269,43335.199
2034-01-21,8496.49,8378.986,1285.56,2261.863,6510.859,11743.735,9181.209,18282.039,12118.513,17458.15,47858.702
2034-01-22,3955.006,6052.952,19547.633,9112.3,1434.234,4608.325,3119.058,26513.771,13447.933,7867.805,47829.508
2034-01-23,5213.611,7719.013,1559.955,19460.84,1384.628,3511.978,846.337,8856.629,13161.26,17678.473,39696.361
2034-01-24,11512.076,2152.797,9049.889,7107.283,5752.828,3996.776,1967.711,13126.747,12798.121,15614.492,41539.36
2034-01-25,3740.095,9687.368,11569.786,4086.996,1234.153,6054.553,1348.945,14375.909,10741.374,12604.613,37721.896
2034-01-26,0.0,0.0,0.0,0.0,0.0,0.0,0.0,0.0,0.0,0.0,0.0
2034-01-27,12991.149,19685.421,1979.109,5650.549,3850.609,6462.123,734.847,15322.101,15610.71,20420.996,51353.807
2034-01-28,6918.844,5308.976,2614.428,11543.524,3332.386,7711.508,5586.882,16301.612,18487.193,8227.743,43016.547
2034-01-29,9616.477,7562.145,878.061,8799.373,3613.129,18642.564,3819.523,11753.034,27942.417,13235.822,52931.273
2034-01-30,5777.574,6135.497,10481.661,11351.467,5338.635,9596.959,536.41,14838.917,17733.185,16646.101,49218.203
2034-01-31,6918.623,15348.975,1262.253,10695.314,7872.954,2173.114,5284.784,16778.834,27473.964,5303.218,49556.016
2034-02-01,20165.471,18159.628,1967.633,2209.466,3608.366,8459.049,2673.056,23126.152,17201.722,16914.795,57242.669
2034-02-02,6154.985,13025.599,7407.854,16977.62,599.943,1084.495,6620.118,5004.781,27861.76,19004.073,51870.615
2034-02-03,7767.387,4720.635,1623.663,5332.476,3733.341,5964.408,18062.166,11843.169,19281.762,16079.144,47204.075
2034-02-04,10142.588,6348.051,4664.884,7901.864,1030.411,4064.317,11633.289,17570.791,19121.109,9093.505,45785.404
2034-02-05,0.0,0.0,0.0,0.0,0.0,0.0,0.0,0.0,0.0,0.0,0.0
2034-02-06,1534.378,7780.038,1559.037,13476.899,8188.429,8867.236,630.097,15113.089,8265.054,18657.973,42036.116
2034-02-07,6914.159,4536.687,6793.293,7218.177,1819.714,5114.981,458.689,7751.628,9140.016,15964.056,32855.7
2034-02-08,5495.806,8281.839,5604.838,14342.451,1614.186,4608.962,5416.591,7873.917,25931.667,11559.09,45364.674
2034-02-09,13438.546,16749.813,5661.928,3522.197,1574.373,4250.445,5296.988,2685.461,30637.053,17171.776,50494.29
2034-02-10,1710.0,10273.248,1357.145,11343.534,6676.327,2155.698,8798.007,10871.259,14720.908,16721.792,42313.958
2034-02-11,12664.479,19229.254,2383.656,1604.802,1687.056,3451.823,2888.769,8148.681,19667.048,16094.111,43909.84
2034-02-12,6507.53,4094.084,8565.446,7212.117,5903.933,2341.523,12373.31,14303.931,26618.717,6075.294,46997.942
2034-02-13,7228.848,8070.405,499.021,18281.74,242.763,5575.906,1035.317,10540.824,17513.96,12879.217,40934.001
2034-02-14,1066.06,10872.908,7150.642,20985.091,3089.769,4138.445,6281.018,22542.196,22882.012,8159.724,53583.931
2034-02-15,12830.996,12378.457,3296.435,4877.052,2282.736,4236.186,615.282,8937.592,21315.058,10264.493,40517.143
2034-02-16,12632.379,5152.609,5730.799,13438.64,4225.715,3207.705,3857.165,17665.973,23140.52,7438.52,48245.012
2034-02-17,9407.788,18910.243,5499.152,5727.399,3495.1,3656.737,307.882,13740.283,20913.973,12350.047,47004.303
2034-02-18,12227.62,9491.123,2796.665,9042.697,2036.906,7418.899,5196.656,17990.565,21813.499,8406.502,48210.566
2034-02-19,2783.115,9831.162,286.556,8255.138,7569.567,8749.393,7380.402,16562.853,12280.179,16012.3,44855.333
2034-02-20,2345.81,16161.556,11163.225,4133.419,1587.909,8839.388,4807.74,26966.051,17916.507,4156.489,49039.047
2034-02-21,10455.225,9780.355,1388.322,5525.192,1939.206,8417.142,7603.351,12811.554,23403.852,8893.388,45108.794
2034-02-22,7722.172,10795.037,404.23,8726.721,2183.102,7794.274,2110.781,23394.109,8948.546,7393.662,39736.317
2034-02-23,6299.16,6496.518,3702.37,8759.178,395.727,5460.926,14472.397,9360.848,18658.199,17567.23,45586.277
2034-02-24,7299.416,18218.206,1730.924,8798.852,735.542,2175.46,656.248,6606.891,7256.967,25750.789,39614.648
2034-02-25,11908.617,10601.849,5657.812,5047.637,4577.937,1204.515,223.572,3602.003,26997.147,8622.79,39221.94
2034-02-26,9534.574,8218.746,8780.121,9552.099,3941.252,3035.81,6684.27,18753.999,19274.634,11718.239,49746.872
2034-02-27,2998.751,5336.282,2701.054,10061.953,5178.99,6007.37,3922.09,8868.459,11950.149,15387.881,36206.49
2034-02-28,12818.949,6987.395,1453.055,9337.668,1626.587,3870.45,7054.197,11613.503,26204.946,5329.854,43148.303
2034-03-01,5933.159,6874.627,1225.444,10742.278,4064.363,14619.011,3293.924,19870.113,14750.537,12132.155,46752.806
2034-03-02,2512.534,8664.295,2123.73,14350.01,6133.789,14232.438,530.252,20229.364,19393.851,8923.832,48547.048
2034-03-03,4818.439,4113.934,6916.088,4118.888,7189.174,3918.705,5028.39,8587.02,21562.849,5953.75,36103.618
2034-03-04,9772.471,12600.415,2105.455,6808.081,7219.232,1840.932,2418.116,9306.571,22313.217,11144.915,42764.703
2034-03-05,13457.733,10282.835,2262.715,2366.721,5573.159,3633.539,7203.758,12185.305,2942.869,29652.286,44780.46
2034-03-06,12246.139,9165.228,3931.268,4772.74,9765.623,4856.838,739.023,16701.243,17020.045,11755.571,45476.86
2034-03-07,13347.421,13275.678,13448.189,7877.35,128.301,2883.869,2438.796,9404.287,25719.61,18275.707,53399.604
2034-03-08,9618.334,9923.869,3097.286,3092.417,1359.786,10165.869,13392.639,14427.524,12434.839,23787.839,50650.202
2034-03-09,7362.883,20394.525,1705.307,11079.828,192.386,7915.529,2650.552,8571.268,28520.41,14209.332,51301.011
2034-03-10,5245.419,20620.485,8272.634,4023.071,6547.254,4293.225,5136.133,30602.137,10971.473,12564.611,54138.222
2034-03-11,5260.84,19453.317,9185.409,14303.046,138.742,4326.785,5.857,10305.428,33580.072,8788.495,52673.995
2034-03-12,2744.135,7715.993,4671.84,4029.705,8298.556,16229.549,2869.855,16498.102,19752.772,10308.759,46559.633
2034-03-13,4948.714,10935.471,5331.321,11828.375,2230.016,4350.823,677.01,15922.611,8363.127,16015.991,40301.729
2034-03-14,12532.657,4227.309,3094.891,12869.524,1118.286,6133.545,4623.073,10832.858,16364.218,17402.209,44599.286
2034-03-15,9114.37,8918.744,7486.096,7474.222,4011.116,4423.825,2510.445,16817.918,19213.596,7907.304,43938.817
2034-03-16,9457.403,4106.436,12031.175,4716.232,3371.958,3183.115,3732.68,15007.26,12222.452,13369.287,40598.999
2034-03-17,8371.737,7216.13,1411.029,10976.242,2784.258,613.647,7809.566,12469.238,21906.786,4806.585,39182.609
2034-03-18,6370.763,10593.384,3818.898,10004.641,8554.83,5629.665,491.193,8169.368,32258.654,5035.351,45463.373
2034-03-19,17723.851,2799.77,584.129,3157.872,260.527,6414.788,8745.633,13899.046,13935.994,11851.53,39686.57
2034-03-20,1628.556,10860.626,5315.057,6490.489,5175.735,1362.911,13638.81,8573.268,25210.921,10687.995,44472.184
2034-03-21,11154.223,11543.433,5371.66,3483.229,1907.344,1557.58,1776.278,6419.901,25895.841,4478.005,36793.747
2034-03-22,5696.843,2943.627,9103.768,6218.629,4911.479,3754.333,12078.156,15857.543,24705.807,4143.484,44706.834
2034-03-23,4778.321,19146.233,694.837,8935.624,3961.474,9870.738,5036.783,12349.283,23763.438,16311.288,52424.009
2034-03-24,13525.167,8644.191,4420.794,6624.972,4970.982,8152.46,835.649,16501.216,14585.626,16087.37,47174.213
2034-03-25,8440.652,9991.884,6974.368,13811.223,4685.483,7833.722,934.828,20562.641,20911.72,11197.798,52672.159
2034-03-26,1555.358,14839.262,8267.718,7172.626,1726.459,8624.111,4993.231,7268.26,25514.887,14395.618,47178.765
2034-03-27,3163.52,4007.589,12750.141,10481.558,4094.154,7028.579,3469.612,21875.013,6288.693,16831.448,44995.153
2034-03-28,7320.249,16424.891,1710.739,8548.771,2818.745,2349.674,4296.078,12835.819,19788.908,10844.419,43469.146
2034-03-29,4319.595,7544.739,3002.415,3388.915,10821.902,8221.559,1299.21,8976.886,11624.161,17997.288,38598.335
2034-03-30,940.919,20871.12,7121.605,7573.154,1746.891,4829.298,162.064,12967.581,14370.291,15907.178,43245.05
2034-03-31,2677.179,16961.823,6993.62,7729.213,631.894,6323.71,2239.426,19781.159,6433.845,17341.862,43556.866
2034-04-01,3466.493,20287.944,5685.702,4198.341,3589.773,3097.238,738.647,16946.289,13724.357,10393.492,41064.139
2034-04-02,18567.816,4744.921,1995.595,1856.18,817.704,6139.436,11944.001,23877.658,8961.531,13226.465,46065.654
2034-04-03,5674.279,11072.461,13147.48,3026.573,1266.937,4319.841,4142.686,21099.995,16498.864,5051.398,42650.257
2034-04-04,4555.978,9113.305,10396.877,10339.876,324.802,12500.695,2182.656,9624.606,15234.006,24555.577,49414.19
2034-04-05,10893.082,7496.172,2230.131,14739.564,1850.721,4545.438,2720.13,26531.007,6999.312,10944.918,44475.237
2034-04-06,20000.218,7938.551,4434.543,12979.106,673.102,2910.938,3194.383,7539.456,29185.877,15405.508,52130.841
2034-04-07,3228.428,16282.109,5096.55,8837.865,1661.773,11636.615,3128.888,19074.328,20256.122,10541.778,49872.228
2034-04-08,5003.356,13118.086,5738.569,4873.48,2097.598,10104.049,1674.966,28886.382,12736.896,986.826,42610.104
2034-04-09,11928.902,5296.98,5897.689,6403.464,4949.391,13060.079,429.397,19115.657,24309.691,4540.554,47965.902
2034-04-10,8885.941,19516.964,2003.535,4753.608,111.603,3688.399,3215.473,15771.728,15385.354,11018.442,42175.523
2034-04-11,7052.916,11970.083,3021.22,1346.073,7123.025,11632.153,6576.232,26935.962,11448.427,10337.313,48721.703
2034-04-12,8071.291,9545.001,5696.686,6356.153,5392.632,3690.327,494.453,12497.75,18914.808,7833.986,39246.544
2034-04-13,9696.658,6495.974,2092.991,10081.505,5188.257,3252.229,6742.938,19947.793,15475.044,8127.715,43550.552
2034-04-14,6551.405,15883.944,1683.495,8960.177,389.779,2357.819,2276.203,10882.766,19474.405,7745.652,38102.823
2034-04-15,0.0,0.0,0.0,0.0,0.0,0.0,0.0,0.0,0.0,0.0,0.0
2034-04-16,11474.803,10418.276,7351.748,13834.444,3586.594,2018.374,3350.134,37619.119,5324.949,9090.305,52034.373
2034-04-17,4033.511,10356.949,5625.577,10622.344,2067.608,4392.352,6671.296,20142.666,16974.514,6652.457,43769.637
2034-04-18,4343.709,17622.736,4578.497,2664.172,3884.22,3779.5,6102.724,8714.526,17454.31,16806.723,42975.558
2034-04-19,4591.435,1294.901,6040.202,5395.498,925.109,4659.776,4142.44,7131.086,9318.986,10599.29,27049.362
2034-04-20,19223.71,5222.982,4748.295,3384.786,3503.111,2975.698,2419.842,8713.525,9730.627,23034.274,41478.425
2034-04-21,0.0,0.0,0.0,0.0,0.0,0.0,0.0,0.0,0.0,0.0,0.0
2034-04-22,15111.487,5845.611,1711.389,7699.885,983.155,6415.015,1029.228,9331.003,26886.225,2578.542,38795.77
2034-04-23,4387.465,5995.838,2742.456,11307.308,10084.023,2148.589,5538.958,14093.534,18996.408,9114.695,42204.636
2034-04-24,3278.777,8955.343,1881.88,5968.679,11348.211,4991.112,1090.102,9136.405,20537.696,7840.002,37514.104
2034-04-25,4640.83,7363.484,8823.655,7434.298,8709.214,4418.089,3536.681,22077.637,16474.258,6374.356,44926.251
2034-04-26,7958.031,8362.653,3011.667,7976.389,1865.319,4100.429,808.773,8877.71,16799.268,8406.282,34083.26
2034-04-27,3707.863,3097.785,791.139,9709.375,5190.506,7134.086,7973.422,13551.123,9939.113,14113.938,37604.175
2034-04-28,12560.359,7407.313,5959.82,4377.261,4044.34,8253.191,1790.826,6657.265,27514.804,10221.041,44393.111
2034-04-29,3214.875,3885.169,8402.061,5333.249,3297.272,7359.151,1327.188,23655.949,6536.506,2626.51,32818.965
2034-04-30,10380.565,8121.762,3152.319,12302.302,1501.504,2672.23,3602.513,6433.177,15419.161,19880.859,41733.196
2034-05-01,12060.645,6214.649,4042.847,10061.079,4400.091,8761.482,627.783,3949.941,29809.776,12408.86,46168.577
2034-05-02,3995.576,6978.386,4280.883,1686.585,4428.349,4590.413,5594.734,6049.477,18807.008,6698.442,31554.927
2034-05-03,6045.436,6153.457,7025.896,2669.637,1210.158,6537.175,6540.758,16625.66,11431.992,8124.865,36182.517
2034-05-04,5482.276,16225.698,2091.258,18019.361,2125.159,2504.704,956.323,9077.281,27218.705,11108.794,47404.78
2034-05-05,2358.682,6566.334,311.094,3426.674,2748.881,9508.623,3501.824,7196.375,7378.394,13847.344,28422.113
2034-05-06,2681.489,10093.744,4894.005,4800.304,3701.344,8874.898,3437.82,8120.747,14091.22,16271.637,38483.604
2034-05-07,7691.437,7398.489,7864.848,7212.466,2728.3,2960.869,6335.275,15658.941,15784.687,10748.057,42191.684
2034-05-08,16209.502,13166.246,1564.22,2277.984,554.942,2405.83,3190.02,14618.568,21568.678,3181.497,39368.744
2034-05-09,8959.772,2563.2,3805.989,6908.087,96.006,12573.213,7452.087,17560.84,10886.446,13911.068,42358.354
2034-05-10,3746.118,5413.754,2208.585,14125.926,293.812,7627.572,867.269,13725.519,18223.935,2333.582,34283.035
2034-05-11,2606.622,7112.969,3918.947,17539.025,653.3,4249.897,4639.44,7038.441,13602.18,20079.579,40720.199
2034-05-12,5533.955,4222.244,7986.08,14675.419,418.291,3694.092,3145.932,20854.236,11415.35,7406.425,39676.011
2034-05-13,5000.83,10663.35,1618.561,6139.691,3365.724,5331.126,5884.131,2494.432,31057.026,4451.955,38003.413
2034-05-14,5021.955,12914.964,2136.026,4611.82,7177.113,17562.029,1081.923,43890.538,3056.991,3558.301,50505.83
2034-05-15,1491.42,21308.024,7657.068,7918.753,1098.263,4852.082,3514.437,14952.363,31185.89,1701.794,47840.046
2034-05-16,6979.582,2097.19,6527.565,11798.846,1570.051,5505.968,663.124,11263.163,19123.619,4755.543,35142.324
2034-05-17,9132.813,12166.395,1337.439,3100.187,2299.285,7986.333,1462.607,8668.006,21714.045,7103.008,37485.06
2034-05-18,9287.669,11540.683,4449.04,3372.541,1732.264,540.396,6328.37,13319.862,17531.847,6399.254,37250.963
2034-05-19,1874.747,3822.964,7258.031,3540.105,9375.588,2897.098,7599.868,15040.022,13742.527,7585.853,36368.401
2034-05-20,3404.284,7987.952,9228.278,2567.254,6113.553,4143.467,4315.463,6771.413,7833.175,23155.663,37760.251
2034-05-21,3429.922,12858.046,10347.591,2392.276,3197.649,2643.404,4192.102,13226.07,22844.544,2990.376,39060.99
2034-05-22,1597.771,6618.53,7066.883,5277.17,7706.61,11360.669,2936.426,14303.447,26732.787,1527.825,42564.059
2034-05-23,14123.224,8204.133,1016.367,12352.352,305.475,5166.521,1409.742,10551.377,15770.948,16255.489,42577.813
2034-05-24,5814.555,4146.205,4196.519,12263.493,3368.177,8333.817,7018.142,17164.877,15537.964,12438.067,45140.908
2034-05-25,3157.24,3847.499,1770.547,18948.594,6789.605,3506.121,3414.619,15043.244,15547.762,10843.219,41434.224
2034-05-26,5280.69,9478.747,2319.613,2130.177,4921.967,1888.119,1393.62,16369.218,7098.21,3945.507,27412.935
2034-05-27,879.91,10817.859,15360.085,5534.25,735.405,7002.176,5728.47,26605.079,10427.961,9025.115,46058.155
2034-05-28,5551.81,13357.449,4775.842,18521.245,1886.114,2102.843,6711.26,19928.455,26937.222,6040.885,52906.563
2034-05-29,5855.254,6122.024,6982.278,6625.612,526.855,6758.581,3546.584,23054.03,8278.328,5084.83,36417.188
2034-05-30,0.0,0.0,0.0,0.0,0.0,0.0,0.0,0.0,0.0,0.0,0.0
2034-05-31,1583.53,13643.21,4527.515,12480.6,5300.2,3931.569,2809.902,12580.219,22972.524,8723.783,44276.526
2034-06-01,9452.313,2387.421,8141.358,8391.485,1923.47,5290.263,9613.566,8631.379,14096.509,22471.988,45199.876
2034-06-02,12560.081,9110.013,7611.399,6410.874,2134.071,1292.84,504.662,23311.169,12681.89,3630.881,39623.94
2034-06-03,4231.745,12154.255,3102.158,4147.797,1107.967,9357.567,2315.166,19560.57,12045.755,4810.331,36416.655
2034-06-04,7713.181,3382.851,4356.198,9242.589,3194.926,9030.223,8519.575,28970.745,13795.892,2672.906,45439.544
2034-06-05,5347.946,6125.779,2378.699,9647.932,3180.561,3302.684,8311.551,11275.116,13003.115,14016.92,38295.151
2034-06-06,7492.668,2806.595,8986.016,1665.693,9045.351,13646.909,2535.298,8094.37,22221.086,15863.074,46178.531
2034-06-07,8579.662,11732.722,520.536,5901.656,2079.904,9341.392,1351.789,17667.849,17385.049,4454.762,39507.66
2034-06-08,4008.308,9875.237,13202.11,9366.044,4290.495,2713.185,3176.987,6532.382,28212.067,11887.917,46632.366
2034-06-09,7588.87,3830.803,9150.138,20107.968,1300.554,5216.193,1947.324,19287.172,12605.118,17249.559,49141.849
2034-06-10,5285.646,4336.458,5753.262,12792.62,2203.356,4058.982,5043.564,10635.593,25988.977,2849.317,39473.887
2034-06-11,5344.948,6850.46,244.915,10391.794,3168.907,4138.414,8767.653,6560.585,30001.711,2344.795,38907.091
2034-06-12,7084.331,15101.981,3721.325,3629.182,1864.452,5862.804,3798.623,12904.68,21255.19,6902.827,41062.698
2034-06-13,3155.957,5690.594,1823.868,10439.436,3075.886,13219.455,2310.942,13972.588,18814.215,6929.336,39716.139
2034-06-14,11393.204,6394.478,4665.221,6507.587,4034.189,2326.328,1233.259,20063.174,13532.427,2958.665,36554.266
2034-06-15,4791.828,15464.39,8190.692,11309.593,110.261,1892.965,3466.475,16344.383,13081.625,15800.197,45226.204
2034-06-16,4607.855,9984.659,2388.534,8316.339,1023.67,4585.894,9020.58,16568.328,15162.54,8196.662,39927.53
2034-06-17,13107.285,6615.131,4607.673,5598.161,7558.723,6288.404,3640.327,9934.64,18096.724,19384.341,47415.704
2034-06-18,6235.442,9453.858,1018.543,5028.455,5946.308,13587.221,5808.953,12552.37,20230.009,14296.402,47078.78
2034-06-19,8140.241,7310.548,3212.457,6962.15,2646.174,10700.659,2306.959,20447.779,9158.342,11673.067,41279.187
2034-06-20,6966.815,2582.686,2436.879,11381.306,10522.672,2496.502,2018.243,5358.507,21237.112,11809.485,38405.103
2034-06-21,6329.432,15276.514,10084.835,1169.389,2829.901,2348.622,3588.979,18659.903,6112.993,16854.775,41627.671
2034-06-22,6586.858,12957.52,12474.652,5520.176,4109.785,907.558,7208.474,13308.316,25275.384,11181.322,49765.022
2034-06-23,10056.018,5076.811,4473.162,4037.131,3588.695,3631.119,1495.224,12671.164,8418.961,11268.035,32358.16
2034-06-24,1933.051,1507.258,2192.645,14434.754,2543.828,9669.382,10661.843,7603.442,11826.241,23513.078,42942.761
2034-06-25,3054.953,8320.348,15488.01,4613.789,3899.661,4841.416,3278.283,18012.382,22149.261,3334.817,43496.459
2034-06-26,6588.34,10570.49,7979.402,3384.792,7769.946,4934.822,3628.735,15589.131,16799.288,12468.108,44856.526
2034-06-27,2400.297,11720.597,4603.513,2239.51,3902.6,8620.616,18342.771,21259.954,28127.501,2442.449,51829.904
2034-06-28,24878.897,5278.326,5568.06,7597.852,1834.131,1156.535,850.567,14480.085,7137.827,25546.455,47164.367
2034-06-29,4987.458,2200.927,4096.942,4360.329,5708.842,11494.783,868.533,14342.554,5130.671,14244.588,33717.813
2034-06-30,7217.513,15977.036,2063.381,7352.922,6606.881,4463.889,1597.722,16498.985,13346.578,15433.78,45279.344
2034-07-01,11962.426,9028.306,6299.902,2362.525,9844.213,2211.958,4710.347,25507.708,8863.809,12048.16,46419.677
2034-07-02,7933.378,14876.516,8710.982,6855.524,1924.04,4401.076,4597.637,14364.122,20972.117,13962.914,49299.153
2034-07-03,7068.662,13224.018,2279.588,12271.566,6998.556,1830.084,3201.739,8743.668,12598.289,25532.257,46874.213
2034-07-04,6355.096,3098.771,754.795,25399.616,4982.864,5341.113,2732.13,22580.314,16763.478,9320.591,48664.383
2034-07-05,6027.198,15646.718,3228.715,8729.661,1827.39,1654.984,1949.771,7701.323,22222.128,9140.986,39064.438
2034-07-06,6259.49,4077.455,15303.876,8614.286,5755.297,2120.596,7436.655,19960.396,21753.273,7853.986,49567.655
2034-07-07,6458.104,6964.911,8129.939,8038.379,3924.021,4680.722,4121.171,13406.512,18032.257,10878.478,42317.247
2034-07-08,7842.972,14526.006,2483.61,14222.149,855.309,2349.283,10521.535,10979.83,20256.509,21564.524,52800.863
2034-07-09,1623.092,10581.819,9675.17,9352.786,3877.584,2488.551,1089.269,16667.061,15590.324,6430.886,38688.272
2034-07-10,12192.235,11033.518,1887.257,8051.662,2579.287,6172.053,4230.322,21501.086,12013.383,12631.865,46146.334
2034-07-11,2608.18,17101.739,2644.409,2775.385,1660.955,5139.238,8249.426,7711.865,29574.524,2892.942,40179.331
2034-07-12,4713.101,15221.742,5986.99,17057.777,2431.688,97.528,4735.957,20843.947,15938.38,13462.455,50244.782
2034-07-13,14635.68,6578.734,6347.766,5854.307,3667.945,12837.412,5162.868,5628.7,40155.644,9300.367,55084.712
2034-07-14,8628.64,10036.297,916.116,9128.254,13619.363,7319.269,578.917,25320.86,22260.359,2645.636,50226.856
2034-07-15,5161.972,7366.894,10486.685,13221.983,8.411,12273.665,722.072,14241.757,17689.605,17310.321,49241.682
2034-07-16,5112.241,8419.223,16452.457,9694.191,9854.777,5494.476,1503.596,8465.9,33070.225,14994.836,56530.961
2034-07-17,3803.149,11441.578,8182.254,17879.424,3495.074,957.759,5152.183,14896.619,24020.795,11994.008,50911.422
2034-07-18,0.0,0.0,0.0,0.0,0.0,0.0,0.0,0.0,0.0,0.0,0.0
2034-07-19,9254.023,8482.467,2676.584,7683.079,6245.949,3892.404,9105.215,21590.013,19670.657,6079.052,47339.721
2034-07-20,1471.544,3547.816,6602.148,3830.27,3702.304,12295.44,6823.542,14448.568,3501.234,20323.262,38273.063
2034-07-21,2331.595,14249.184,5684.926,13775.851,4460.748,4134.809,9657.133,24928.044,19143.248,10222.955,54294.246
2034-07-22,8859.597,4155.423,11203.042,7734.035,1556.411,13318.665,2224.505,2915.204,38765.282,7371.193,49051.678
2034-07-23,1648.083,14440.107,2190.937,16622.041,2063.114,7293.809,1033.977,22132.89,17655.889,5503.289,45292.068
2034-07-24,5442.579,9997.993,1829.522,9149.531,6128.019,3513.641,5860.959,7254.979,28485.224,6182.041,41922.244
2034-07-25,15652.006,15382.5,1630.573,2222.245,3736.314,1614.679,7759.107,26813.894,13214.188,7969.342,47997.425
2034-07-26,13353.69,5023.355,6853.886,5920.734,2819.106,9428.031,6656.3,34624.166,9533.664,5897.273,50055.103
2034-07-27,11521.756,7000.86,1858.343,6220.935,8513.288,6901.805,1994.478,8180.309,23103.15,12728.005,44011.464
2034-07-28,4723.388,4037.011,4333.705,3343.45,8124.115,115.624,552.731,7591.528,13020.319,4618.178,25230.025
2034-07-29,14672.1,2241.048,5189.225,10729.995,3611.554,4922.205,6217.603,12572.331,16429.346,18582.053,47583.73
2034-07-30,7950.966,8969.766,1411.18,3780.033,336.1,8929.656,4637.543,10395.091,15918.945,9701.207,36015.243
2034-07-31,6811.577,10396.384,8366.717,12164.297,3247.092,5628.335,390.422,11589.089,24979.184,10436.552,47004.825
2034-08-01,4949.567,9583.341,8369.096,15156.9,4881.732,16027.764,3031.6,20672.094,28922.146,12405.76,62000.0
2034-08-02,10738.923,4650.644,9695.892,4415.917,4543.437,3430.063,1475.973,4702.808,19632.98,14615.06,38950.849
2034-08-03,10808.377,8417.57,7474.285,8337.798,8384.035,7146.012,645.578,9722.417,24257.328,17233.911,51213.656
2034-08-04,7157.74,6614.988,1880.928,7626.593,1342.339,2953.062,7538.217,14081.781,13588.486,7443.599,35113.866
2034-08-05,11365.31,6797.367,4368.517,10140.65,642.768,10868.371,1895.462,12841.931,16065.694,17170.819,46078.444
2034-08-06,6232.146,15828.385,5519.891,10263.857,7968.958,4124.17,895.636,24437.15,24464.481,1931.41,50833.041
2034-08-07,5239.486,9561.53,11239.427,12595.774,732.07,5776.342,2656.345,10922.133,19672.666,17206.175,47800.974
2034-08-08,7278.828,6266.855,5030.231,9307.077,1284.731,4201.155,17878.049,16604.929,25223.573,9418.425,51246.927
2034-08-09,6870.253,11675.557,6188.082,3885.397,2688.681,7913.549,9302.955,24851.957,12373.647,11298.87,48524.474
2034-08-10,5291.613,6757.082,4008.446,13839.019,570.699,4682.087,4328.532,11836.717,25651.792,1988.968,39477.477
2034-08-11,4840.988,8444.611,6427.435,3598.853,902.335,1431.318,7053.846,11851.295,10297.586,10550.505,32699.386
2034-08-12,2713.978,6880.32,5551.808,11212.573,2052.098,7452.464,4225.186,8685.646,15508.649,15894.131,40088.427
2034-08-13,4591.054,3546.876,1521.821,6852.322,7083.527,6769.432,17924.966,5459.613,28671.101,14159.285,48289.999
2034-08-14,6134.285,8254.129,6147.981,6954.523,4199.701,2974.558,8738.812,8586.723,21730.721,13086.546,43403.99
2034-08-15,6625.017,9576.764,2932.084,10176.18,1151.312,8765.109,4871.87,29095.856,12169.104,2833.377,44098.337
2034-08-16,2225.321,25469.101,6304.411,2372.746,4924.242,6648.188,3785.665,30693.41,10592.556,10443.709,51729.674
2034-08-17,10491.279,9573.056,1666.898,6562.863,6977.717,1237.361,12046.559,24148.836,11022.099,13384.799,48555.734
2034-08-18,5727.876,12848.85,11120.276,2620.431,1269.351,1617.095,1113.107,7907.303,20905.245,7504.438,36316.985
2034-08-19,3128.206,13378.759,2796.166,9803.927,577.38,12842.882,4055.277,16849.763,12830.738,16902.095,46582.596
2034-08-20,5612.579,9644.584,2311.019,18537.309,103.704,730.383,3363.182,18379.027,14230.759,7692.973,40302.76
2034-08-21,1170.623,4622.229,16206.69,7806.972,2368.443,8010.897,4408.665,17235.459,24428.789,2930.27,44594.519
2034-08-22,2105.008,8244.089,2882.857,12373.461,5799.723,3558.115,1121.985,17675.315,6116.397,12293.527,36085.239
2034-08-23,1219.538,13542.963,3064.156,9149.302,1328.814,3590.471,1626.012,5514.768,24563.346,3443.143,33521.257
2034-08-24,11951.182,10384.126,1492.1,10143.73,535.031,6411.581,3780.699,14288.28,21849.968,8560.2,44698.449
2034-08-25,8266.422,12535.053,4087.498,4306.083,4744.326,11426.481,495.692,19632.191,15496.821,10732.543,45861.555
2034-08-26,9820.977,4939.023,6960.074,9959.617,1196.807,3626.019,5737.668,12721.247,21112.567,8406.371,42240.185
2034-08-27,20476.066,11663.856,2958.439,7967.205,921.453,2114.686,1527.704,28301.216,11153.067,8175.125,47629.408
2034-08-28,4698.511,13792.869,2551.349,23001.173,1666.25,4622.101,2668.856,9842.749,10660.139,32498.222,53001.11
2034-08-29,12018.434,9396.59,3142.766,26807.556,1120.117,3309.272,906.315,22573.201,15640.583,18487.266,56701.051
2034-08-30,4789.926,16474.039,5362.741,11810.146,487.991,6354.47,7274.622,31867.863,16883.036,3803.038,52553.936
2034-08-31,13070.494,6690.341,6903.49,12523.782,540.101,4877.345,3691.761,20009.438,19072.238,9215.638,48297.314
2034-09-01,7086.451,8909.845,5357.491,12745.849,212.728,6860.902,202.934,27157.764,10152.915,4065.522,41376.201
2034-09-02,9322.913,7955.035,3670.216,6735.357,3457.222,6365.797,2603.763,8540.164,22523.002,9047.136,40110.302
2034-09-03,8206.975,17976.946,3917.246,7903.101,1259.14,6879.327,741.604,9041.142,18808.313,19034.885,46884.339
2034-09-04,3174.612,15610.153,4678.004,3514.639,2259.736,2050.767,1907.426,11887.744,14139.14,7168.453,33195.337
2034-09-05,5071.285,4274.288,7710.752,7156.71,115.845,14392.643,6353.234,16851.903,23430.573,4792.282,45074.758
2034-09-06,2777.489,8764.733,6409.37,6085.763,5028.044,8243.128,6642.854,18424.742,18236.731,7289.909,43951.382
2034-09-07,11564.326,6943.833,10560.667,11615.064,334.246,4229.488,2061.638,14827.955,19689.101,12792.206,47309.261
2034-09-08,8802.171,13743.056,3543.753,6555.927,3421.032,3433.613,4508.08,1691.458,33132.709,9183.467,44007.634
2034-09-09,4267.011,11442.992,7585.496,13728.146,4012.012,5819.054,820.2,32091.988,10114.226,5468.698,47674.912
2034-09-10,7261.38,7520.693,7856.688,3707.135,1792.157,13946.358,9449.48,15328.258,8261.431,27944.202,51533.891
2034-09-11,14712.099,5956.974,16200.422,2710.271,5275.422,1760.823,3708.764,11632.763,28742.617,9949.396,50324.777
2034-09-12,7013.547,6044.617,3900.781,6000.252,4628.484,9168.408,1860.077,14425.241,20309.444,3881.48,38616.165
2034-09-13,3416.207,6234.521,5876.129,3517.318,708.382,6263.214,122.917,3474.471,13712.239,8951.977,26138.688
2034-09-14,6753.528,2582.626,1957.368,1987.619,2094.785,10199.554,11762.511,10204.906,19322.572,7810.512,37337.991
2034-09-15,5247.976,9934.86,6056.309,9789.593,2655.901,2499.809,11653.366,5341.055,21495.481,21001.277,47837.814
2034-09-16,7516.599,23604.242,6659.765,7436.03,272.68,5663.019,2723.801,12627.701,35932.335,5316.1,53876.136
2034-09-17,3249.748,9401.971,1534.604,16651.241,3901.906,4684.682,3652.697,9788.954,20009.53,13278.364,43076.849
2034-09-18,1433.788,12641.069,5624.037,12590.094,1714.57,3013.733,6137.978,6881.869,31353.37,4920.03,43155.269
2034-09-19,15365.288,3626.564,4701.193,8370.356,5947.028,4327.208,1277.794,11805.345,22683.797,9126.288,43615.43
2034-09-20,3569.897,6871.102,5002.267,9656.422,3397.332,5027.056,3921.197,7415.759,25335.769,4693.743,37445.272
2034-09-21,8490.009,11683.459,5574.672,5038.987,1106.744,6136.926,3525.247,1108.717,28101.496,12345.83,41556.043
2034-09-22,3579.647,6640.409,3272.25,11218.573,8368.367,2662.717,583.726,3137.795,28831.505,4356.388,36325.688
2034-09-23,3948.285,4543.48,9275.289,21754.291,5027.895,2407.413,2362.885,9589.615,22895.301,16834.623,49319.539
2034-09-24,10691.56,7875.454,633.849,5693.343,4910.367,8071.901,198.349,9359.066,10376.634,18339.123,38074.823
2034-09-25,4074.797,6157.147,5608.477,14659.202,372.109,4158.69,5522.867,11966.437,21668.249,6918.604,40553.29
2034-09-26,11426.544,6057.991,9234.464,4929.742,2559.342,6706.238,1967.298,12975.583,19188.519,10717.516,42881.619
2034-09-27,3050.789,15657.385,3152.524,16240.25,1252.613,2423.767,316.197,16474.959,16077.576,9540.989,42093.525
2034-09-28,3564.725,12772.766,3297.107,6717.179,1767.729,14461.562,809.207,30691.578,7611.675,5087.024,43390.277
2034-09-29,4979.298,3056.155,4496.485,2971.55,12316.183,2693.608,1011.323,11539.485,14759.134,5225.983,31524.602
2034-09-30,1735.177,17715.411,10771.771,9633.401,1748.636,5447.5,5410.005,24108.953,14161.636,14191.311,52461.9
2034-10-01,1668.902,14967.032,4072.09,2402.024,1059.851,12437.386,1429.123,5700.661,11422.551,20913.196,38036.408
2034-10-02,5458.637,3867.596,1646.873,11637.557,1197.474,6188.695,6563.12,12029.504,17475.698,7054.749,36559.951
2034-10-03,0.0,0.0,0.0,0.0,0.0,0.0,0.0,0.0,0.0,0.0,0.0
2034-10-04,323.046,14086.201,9391.69,10650.62,5184.189,4290.985,897.522,17199.101,22509.619,5115.532,44824.253
2034-10-05,2589.968,16601.751,1253.624,7254.823,5277.65,5301.15,5257.903,8507.074,26562.84,8466.957,43536.871
2034-10-06,4493.783,5172.632,11697.003,9010.492,2452.803,3679.067,3442.194,17340.203,13679.366,8928.406,39947.974
2034-10-07,979.644,3786.144,1511.801,19178.284,7887.245,5115.693,2735.787,16506.388,16584.662,8103.549,41194.598
2034-10-08,14965.893,9140.999,760.479,1177.994,1031.323,8886.402,2353.346,15042.292,11652.431,11621.712,38316.436
2034-10-09,6196.75,5761.339,2930.843,8579.64,9463.546,8514.339,5171.024,22198.025,17868.006,6551.449,46617.48
2034-10-10,17034.121,10438.055,1988.055,6673.72,1024.052,3404.267,2273.513,28015.152,7736.624,7084.007,42835.783
2034-10-11,2600.564,4938.176,3348.215,13134.681,3442.34,5062.495,1154.429,7113.087,14575.97,11991.845,33680.901
2034-10-12,1983.453,7569.173,2871.992,15478.558,5491.151,7265.032,921.962,13146.403,18747.219,9687.699,41581.321
2034-10-13,18021.452,8361.207,7131.891,5252.106,1575.549,10448.646,2045.028,5728.891,32522.511,14584.476,52835.878
2034-10-14,2505.952,4858.915,17038.803,3139.739,3692.623,4866.464,5083.832,19422.141,10618.19,11145.996,41186.328
2034-10-15,10759.771,10834.403,4033.749,5029.207,209.097,9408.458,204.65,24206.135,15488.627,784.573,40479.335
2034-10-16,9825.947,2378.541,6248.283,5541.103,946.873,8394.823,7354.081,15264.667,18460.404,6964.58,40689.652
2034-10-17,3630.715,7657.645,12678.631,11950.968,1838.532,644.603,3835.082,24467.133,12616.844,5152.2,42236.176
2034-10-18,7157.365,8219.701,4652.099,14898.624,214.372,1001.489,7897.515,10306.168,17269.827,16465.17,44041.165
2034-10-19,5197.763,5958.949,2459.48,7013.454,7425.118,1501.96,13462.82,15784.971,14068.344,13166.228,43019.543
2034-10-20,3377.694,18308.334,809.52,8439.26,312.916,13901.243,1441.397,8542.561,24171.409,13876.394,46590.364
2034-10-21,14662.477,9539.543,3665.413,8939.186,1245.318,6975.406,3402.113,16300.073,5793.778,26335.605,48429.456
2034-10-22,6971.653,6892.382,5400.397,8395.981,136.412,7873.653,2201.185,6334.994,22322.977,9213.691,37871.663
2034-10-23,5884.947,11785.827,6053.79,8219.654,1249.644,470.288,5115.903,18459.174,11243.076,9077.803,38780.052
2034-10-24,2068.166,4838.551,5823.321,15089.058,2059.242,4563.208,4902.641,25735.808,11168.523,2439.855,39344.186
2034-10-25,5765.457,864.457,11405.565,7640.395,3622.816,8485.047,9067.553,8878.911,32842.361,5130.019,46851.29
2034-10-26,916.242,10167.966,8140.929,4672.709,1040.174,14521.871,1777.524,17889.05,17514.63,5833.734,41237.414
2034-10-27,2969.976,10583.152,13789.914,8964.397,1593.725,4996.138,4459.427,5633.991,31671.522,10051.217,47356.73
2034-10-28,3361.293,17149.638,7883.537,6560.942,683.1,2301.729,470.325,22651.088,7116.347,8643.13,38410.565
2034-10-29,8807.399,19872.801,5499.322,3328.081,5616.08,844.625,1763.134,11331.647,32056.184,2343.613,45731.443
2034-10-30,4295.486,7875.338,8073.489,11408.463,1877.227,4229.623,1323.33,14713.431,15393.21,8976.316,39082.957
2034-10-31,12269.757,10305.457,9793.818,4497.825,4103.291,1395.889,4743.718,9404.784,32516.55,5188.422,47109.756
2034-11-01,3656.911,6224.541,699.71,10857.929,6835.019,10954.868,374.843,10152.165,26041.339,3410.317,39603.82
2034-11-02,7171.801,8543.044,6973.055,11846.524,2776.011,5264.178,5196.014,29008.786,14582.415,4179.424,47770.626
2034-11-03,7304.991,5629.992,5159.389,9788.704,712.781,11410.603,2349.249,24238.142,12685.234,5432.333,42355.708
2034-11-04,5145.579,8884.821,4685.058,14215.196,4800.707,1885.871,2488.84,16438.157,20213.85,5454.063,42106.071
2034-11-05,1917.587,13235.089,9558.918,3860.673,2319.69,2422.3,4387.847,11842.105,19414.423,6445.577,37702.105
2034-11-06,1564.436,8053.33,963.369,11729.709,1746.806,6810.621,7543.757,17327.559,12327.944,8756.526,38412.029
2034-11-07,8046.75,9367.998,10351.636,5038.666,1680.764,3363.714,939.626,11374.245,18249.912,9164.995,38789.153
2034-11-08,7395.33,5152.375,3603.552,11766.211,3527.398,6023.496,2141.033,7078.679,19676.374,12854.342,39609.395
2034-11-09,5076.832,3501.096,4995.768,5558.897,3948.778,2355.0,5320.431,10179.474,11520.26,9057.069,30756.803
2034-11-10,10359.531,7291.319,7618.545,7040.137,1547.633,4633.768,2762.114,8880.878,5849.373,26522.796,41253.047
2034-11-11,3404.044,7366.6,14586.785,15349.369,1531.106,775.698,1776.651,26586.633,16771.182,1432.438,44790.253
2034-11-12,7085.078,15574.107,4269.406,5751.711,4746.526,187.851,1410.74,4760.07,23112.37,11152.978,39025.418
2034-11-13,5071.804,10107.971,9617.361,2655.585,9985.708,4585.423,2788.087,15933.964,22709.356,6168.619,44811.939
2034-11-14,7718.155,10828.915,13401.672,7236.326,1727.159,2966.709,2811.85,25175.164,17409.031,4106.59,46690.786
2034-11-15,3939.353,6274.266,3293.725,6071.393,2532.946,9034.875,6815.243,17800.776,15350.741,4810.284,37961.801
2034-11-16,1500.608,11551.639,6530.408,8070.511,1017.211,3113.584,2986.05,14509.62,18607.926,1652.464,34770.01
2034-11-17,11300.948,9400.672,7320.371,4969.229,1609.711,3019.833,3103.779,9603.701,23911.082,7209.76,40724.543
2034-11-18,8231.131,7233.928,1750.187,6236.043,5433.992,4385.049,1393.823,8644.727,13721.246,12298.182,34664.154
2034-11-19,1086.505,15156.121,6918.818,11282.787,5779.633,2228.981,2073.184,11694.719,18656.552,14174.758,44526.029
2034-11-20,5466.487,4614.441,783.427,10642.407,5459.635,11383.298,2546.829,21911.885,5932.401,13052.238,40896.524
2034-11-21,2217.855,7064.469,2434.305,17085.382,1718.231,3207.962,5931.515,11639.599,17583.789,10436.332,39659.72
2034-11-22,7594.717,12752.077,3469.393,12024.025,626.792,8138.641,1391.021,13403.397,22685.785,9907.484,45996.666
2034-11-23,14547.673,7488.116,3291.324,6206.06,527.616,2149.269,3624.379,24228.651,7309.612,6296.173,37834.436
2034-11-24,8391.024,20288.057,5029.721,2081.926,601.419,2704.94,3011.847,15746.723,18666.639,7695.573,42108.934
2034-11-25,3127.471,8783.686,2225.058,3024.973,9747.411,7403.992,3183.629,10055.491,24778.949,2661.78,37496.22
2034-11-26,7778.81,10883.566,2754.576,1145.47,7267.007,2576.928,3838.652,20992.266,9693.035,5559.709,36245.01
2034-11-27,8765.723,10784.403,4904.807,1647.015,828.267,4897.866,641.796,8535.173,11618.32,12316.383,32469.876
2034-11-28,13067.03,17423.291,5079.15,3255.107,2067.523,3947.993,3615.026,20972.021,20674.801,6808.299,48455.12
2034-11-29,2518.598,8038.511,1109.857,5768.822,426.027,9033.81,1852.028,11699.133,6400.739,10647.781,28747.653
2034-11-30,13014.755,3869.815,211.672,9128.172,4548.974,15965.101,932.577,14064.342,24936.028,8670.696,47671.065
2034-12-01,8618.32,1820.373,3989.95,10036.41,4468.995,6403.732,3024.764,12737.827,24280.352,1344.366,38362.545
2034-12-02,8812.353,11689.705,4523.839,741.605,1298.434,14783.428,408.248,16370.735,15249.773,10637.105,42257.612
2034-12-03,3160.497,10978.921,2161.36,4488.131,1691.182,3600.325,354.454,4899.144,14130.372,7405.355,26434.871
2034-12-04,7241.335,14179.893,3615.432,19056.68,8435.568,607.497,505.276,22821.171,17196.928,13623.582,53641.681
2034-12-05,3901.033,13368.497,2917.182,12300.575,1007.376,1073.826,2759.284,4928.034,23674.818,8724.922,37327.774
2034-12-06,7290.732,10342.354,6310.014,11384.517,1473.904,3174.455,6487.922,12948.82,29683.645,3831.434,46463.899
2034-12-07,4827.488,13418.957,1665.6,5463.765,3044.611,6604.771,2953.287,15128.417,14259.865,8590.197,37978.479
2034-12-08,4127.441,9077.897,12881.395,13486.793,1439.565,6434.272,5802.137,11281.112,13670.026,28298.362,53249.5
2034-12-09,4956.158,4671.143,3480.705,5367.231,1770.858,8847.556,10358.813,4464.071,15886.967,19101.428,39452.466
2034-12-10,7432.035,17371.452,5155.328,6533.399,1721.279,1453.362,2459.349,15267.083,21716.82,5142.301,42126.204
2034-12-11,8066.999,4524.065,6328.056,15355.557,7473.471,4797.493,1256.656,29735.323,12690.562,5376.412,47802.296
2034-12-12,1905.865,15993.834,5059.864,5265.426,2772.707,9810.927,3511.375,26684.469,9477.387,8158.145,44320.0
2034-12-13,8638.31,2655.003,2116.52,8341.67,196.044,14556.066,1373.145,6811.437,22769.772,8295.549,37876.758
2034-12-14,14651.176,4910.882,7188.677,8423.499,1059.527,2309.119,5196.687,12826.824,23917.597,6995.146,43739.567
2034-12-15,4261.858,9819.244,3510.81,6871.221,3620.372,1922.707,6524.827,10859.136,21659.997,4011.905,36531.039
2034-12-16,1732.608,3079.763,7267.403,13678.6,5882.172,7020.051,6588.17,7304.831,22902.75,15041.188,45248.769
2034-12-17,900.872,11407.491,4263.353,11233.12,7517.949,11717.42,6061.086,24842.589,18113.582,10145.119,53101.29
2034-12-18,3000.392,8212.186,4432.18,8149.234,11045.02,983.656,1118.41,21501.379,5249.899,10189.8,36941.078
2034-12-19,8798.965,1355.159,8391.497,13806.771,4585.685,4111.021,7927.606,13065.327,18606.863,17304.514,48976.704
2034-12-20,9531.851,8065.557,5958.991,8081.334,273.783,3360.108,1623.94,7533.444,22694.005,6668.114,36895.564
2034-12-21,2981.521,5925.69,1401.823,2271.594,2580.711,7111.438,18013.461,16978.375,13614.725,9693.138,40286.238
2034-12-22,5887.146,18301.855,6604.767,4442.636,2285.384,11596.612,444.74,19275.059,16840.619,13447.462,49563.139
2034-12-23,3388.384,10732.537,5344.054,2523.099,2309.858,3296.859,2158.244,4246.908,16046.435,9459.692,29753.035
2034-12-24,5776.964,13368.868,3791.72,5177.98,7311.482,3277.155,5559.426,20586.453,19831.993,3845.149,44263.595
2034-12-25,3895.01,6954.424,12078.005,14977.004,2025.011,2481.457,321.724,30940.785,7357.475,4434.375,42732.635
2034-12-26,8417.754,7803.461,4837.603,7331.835,563.315,7046.938,5726.145,12939.088,20264.492,8523.47,41727.05
2034-12-27,11928.78,9631.13,1857.975,5969.8,1159.582,561.611,8242.857,9455.942,25369.528,4526.264,39351.735
2034-12-28,3881.775,4428.539,1462.358,5493.53,2760.045,17817.31,2521.056,17397.198,13642.656,7324.759,38364.614
2034-12-29,7110.705,5026.345,7777.517,9920.532,3819.329,4091.48,3834.442,10251.814,19855.063,11473.473,41580.35
2034-12-30,8549.274,16141.85,14617.192,4403.569,6152.241,8484.555,2427.447,8824.888,29948.272,22002.968,60776.128
2034-12-31,4787.98,12873.037,6973.805,10034.478,7327.328,1355.071,940.481,11274.023,26343.45,6674.706,44292.179
2035-01-01,18024.042,5662.091,3558.037,11896.273,1443.487,4883.684,3115.105,27619.464,19705.907,1257.347,48582.717
2035-01-02,4877.569,7044.03,809.407,4361.645,3901.768,6994.96,11385.018,15578.912,19479.044,4316.441,39374.397
2035-01-03,6510.211,3070.57,4685.321,5429.249,740.979,2817.136,7261.622,17841.984,9860.665,2812.438,30515.088
2035-01-04,7378.351,12414.349,3028.903,13273.257,4273.896,5440.808,1672.609,12875.905,20620.182,13986.086,47482.173
2035-01-05,3853.23,12035.508,1440.931,9000.981,774.204,11869.312,3366.287,9390.382,21560.891,11389.18,42340.453
2035-01-06,2348.114,8508.997,10976.009,10794.946,3061.53,6521.27,3684.129,16210.43,16340.397,13344.168,45894.995
2035-01-07,10191.995,7541.597,2768.804,4845.117,1568.165,8814.283,4781.273,7045.817,26494.224,6971.192,40511.233
2035-01-08,7576.181,14405.875,7676.334,4481.268,4677.204,3640.804,3839.786,13964.731,24085.017,8247.703,46297.452
2035-01-09,8155.766,17724.873,914.803,5053.883,615.276,4553.062,7187.822,12215.554,19461.396,12528.535,44205.485
2035-01-10,4111.219,14033.243,786.761,7506.679,5664.772,11015.202,5179.29,8970.061,17111.172,22215.933,48297.167
2035-01-11,6676.709,10269.828,5054.901,6798.922,10495.099,10954.636,3920.11,19601.789,31628.953,2939.463,54170.206
2035-01-12,3865.456,7755.236,15457.392,7705.973,41.387,5657.984,3604.916,7514.138,26667.322,9906.885,44088.345
2035-01-13,18896.829,5120.966,9271.65,5398.278,3054.37,3186.441,6808.899,24346.501,15756.953,11633.979,51737.432
2035-01-14,0.0,0.0,0.0,0.0,0.0,0.0,0.0,0.0,0.0,0.0,0.0
2035-01-15,7306.379,11553.033,8870.282,8163.731,5308.728,12187.396,244.768,12346.405,25035.647,16252.266,53634.318
2035-01-16,11439.072,20422.598,5274.807,2795.737,2139.387,6831.421,3121.009,22958.172,15405.148,13660.711,52024.031
2035-01-17,9617.661,7563.047,14814.158,8656.763,1697.262,1605.199,6641.968,13739.181,18062.724,18794.151,50596.056
2035-01-18,6645.879,4713.571,3613.959,15110.65,3674.703,6454.595,2903.363,7937.649,20238.368,14940.702,43116.718
2035-01-19,4515.621,11583.996,1377.84,7584.701,446.636,3789.503,2798.618,15188.734,11009.262,5898.919,32096.914
2035-01-20,14196.498,10884.581,6120.156,5102.601,7630.665,663.869,4008.339,8341.776,32078.716,8186.218,48606.709
2035-01-21,5788.067,14696.119,651.684,9475.591,3034.319,4991.245,13142.183,15598.891,12521.089,23659.228,51779.208
2035-01-22,9058.78,14114.704,5423.669,10698.286,492.321,2984.317,1921.5,22607.951,15684.727,6400.9,44693.578
2035-01-23,7996.222,15437.508,1015.648,3779.681,6207.67,9628.161,5915.128,26871.307,9370.052,13738.66,49980.018
2035-01-24,4558.57,10098.822,3867.082,4689.814,3198.559,6753.783,10205.672,14519.946,18570.994,10281.362,43372.302
2035-01-25,16352.112,9812.884,3456.003,11311.191,9223.071,1838.366,1375.185,19131.07,10065.63,24172.112,53368.812
2035-01-26,2379.877,19107.537,8530.389,6134.215,67.326,10512.534,448.473,4807.654,28383.722,13988.977,47180.352
2035-01-27,8702.867,11885.704,2358.265,6447.927,5086.886,5223.619,5942.14,23558.556,20135.48,1953.372,45647.408
2035-01-28,8806.713,10764.991,2580.837,5952.802,3163.621,2599.485,4807.96,8534.483,10632.698,19509.227,38676.409
2035-01-29,4705.995,18014.265,5280.455,7749.336,1744.387,714.76,2627.999,8161.533,18238.152,14437.512,40837.197
2035-01-30,11495.378,6429.126,6559.037,3761.262,4023.715,6965.851,2733.177,16834.349,12634.162,12499.035,41967.546
2035-01-31,1729.516,15980.288,1991.749,5301.533,4901.401,7110.65,4471.543,17641.355,18164.749,5680.576,41486.68
2035-02-01,2812.606,4879.764,11389.816,10577.401,2061.374,10175.318,476.612,16907.234,21821.449,3644.208,42372.891
2035-02-02,11024.992,2983.167,19703.01,5006.645,4884.261,772.997,9467.524,7006.944,33560.802,13274.849,53842.596
2035-02-03,3389.645,12443.681,4679.16,6845.586,6433.134,5357.235,7012.398,15876.602,9114.89,21169.348,46160.84
2035-02-04,12155.577,8399.48,893.035,2820.744,5433.421,2501.655,4505.896,24929.693,7475.043,4305.072,36709.808
2035-02-05,7808.863,9027.872,6150.927,11236.584,5483.653,4068.295,3532.824,5556.899,13751.987,28000.132,47309.018
2035-02-06,15690.845,11864.159,5277.252,9156.899,1994.331,4542.921,4485.196,16023.653,21070.044,15917.907,53011.604
2035-02-07,8237.698,11887.636,2919.838,6062.21,7948.35,3273.075,1874.732,12267.67,23359.263,6576.605,42203.538
2035-02-08,10132.238,4872.947,1640.088,6519.127,1746.583,11037.889,2378.364,18056.86,10734.05,9536.327,38327.237
2035-02-09,8018.891,13950.813,4475.896,6141.462,5749.728,1806.291,4161.055,18702.531,13943.207,11658.398,44304.136
2035-02-10,6424.649,6108.673,5568.214,5461.29,2515.191,3146.53,11211.716,8538.844,17442.204,14455.214,40436.262
2035-02-11,3586.756,11347.286,10376.117,5758.853,5414.935,4149.728,4071.849,12225.084,21005.033,11475.407,44705.524
2035-02-12,11455.597,17594.665,5346.945,4490.071,2747.187,689.829,6719.559,10289.047,32194.46,6560.347,49043.854
2035-02-13,12052.155,5398.305,2640.28,14588.343,4437.781,9045.681,3320.994,20851.784,11616.723,19015.033,51483.539
2035-02-14,15209.332,5317.573,3617.423,1719.922,4938.014,11434.498,906.153,21214.581,18764.123,3164.21,43142.914
2035-02-15,14143.956,6934.91,4522.626,3517.043,3547.978,2400.984,2037.07,12143.646,5539.05,19421.871,37104.567
2035-02-16,6509.566,10413.561,11429.047,2566.588,25.838,1030.239,6776.712,6981.294,12479.454,19290.804,38751.552
2035-02-17,9323.078,11684.445,6381.118,3375.181,565.366,4213.603,6842.405,6435.25,33016.385,2933.56,42385.195
2035-02-18,2942.527,4865.375,6230.741,6798.243,8211.584,8168.917,12459.474,25574.572,20966.212,3136.078,49676.862
2035-02-19,3361.518,16959.297,6873.466,4940.069,3964.915,2899.516,9612.862,11725.858,17826.34,19059.444,48611.643
2035-02-20,6100.464,14537.301,1896.128,11999.461,2503.388,3109.859,114.896,15915.595,14783.689,9562.211,40261.495
2035-02-21,5762.358,17544.023,1321.013,12051.743,830.506,644.384,9136.794,18840.183,13436.876,15013.761,47290.82
2035-02-22,1735.344,5617.01,8894.292,4692.14,2625.972,7378.574,3726.564,7805.421,13353.155,13511.318,34669.895
2035-02-23,5501.394,14366.715,6231.451,6633.843,5375.439,4867.103,2225.241,14422.067,25348.891,5430.228,45201.186
2035-02-24,7518.145,9215.441,4178.318,6035.907,1040.112,5655.43,1479.977,4133.78,22442.162,8547.388,35123.33
2035-02-25,2675.489,19519.444,6264.0,6981.729,782.132,7252.476,3737.421,16021.953,23103.861,8086.878,47212.692
2035-02-26,4539.793,9457.89,9173.074,18775.235,850.726,3868.478,4678.794,12016.262,30389.44,8938.288,51343.99
2035-02-27,2309.027,5696.045,16091.515,12014.329,2100.665,6238.483,564.124,24260.617,17277.837,3475.735,45014.188
2035-02-28,10408.753,5239.037,2900.143,4420.969,8394.225,2472.723,3911.555,12263.829,20515.335,4968.241,37747.405
2035-03-01,7043.331,11578.373,2331.197,4697.581,1689.734,8266.586,3858.061,8476.123,14659.374,16329.367,39464.864
2035-03-02,9203.114,13955.979,191.979,6678.233,3078.109,5203.666,1273.064,8609.538,22644.549,8330.058,39584.145
2035-03-03,2818.154,8634.391,6746.052,10195.791,17004.259,3747.037,3083.561,18084.637,22004.615,12139.993,52229.244
2035-03-04,14060.849,6715.373,13177.401,11043.587,1627.318,3160.261,743.739,14217.152,24720.147,11591.229,50528.529
2035-03-05,1704.185,12511.077,4799.561,10463.376,377.46,6157.423,5625.567,14143.312,23909.5,3585.836,41638.648
2035-03-06,6418.807,5628.17,1399.263,10312.425,168.217,17976.32,4612.862,11223.476,19703.027,15589.56,46516.063
2035-03-07,6986.146,14793.55,5516.933,6910.227,637.549,573.06,16537.674,13859.445,25160.285,12935.409,51955.139
2035-03-08,11332.947,5954.568,1258.644,5054.087,36.164,4095.982,6522.647,9315.511,9176.491,15763.038,34255.04
2035-03-09,3665.907,12114.835,5207.532,10652.036,332.043,4324.038,2667.083,10516.344,9048.891,19398.239,38963.474
2035-03-10,9390.294,7573.178,5778.418,2369.757,3555.913,12056.0,4004.583,27552.264,10084.93,7090.949,44728.143
2035-03-11,12462.049,17792.924,1508.919,3638.476,165.366,5027.996,3688.523,3791.057,31503.76,8989.436,44284.253
2035-03-12,9569.529,10976.267,943.882,929.508,4443.427,2377.686,3294.786,13051.494,12946.765,6536.826,32535.086
2035-03-13,1549.524,14637.765,11233.679,5245.808,1953.896,4603.854,4917.35,15768.048,11764.934,16608.894,44141.876
2035-03-14,7383.683,13062.438,1683.509,10022.5,5714.568,667.786,5745.634,11451.039,26488.461,6340.617,44280.118
2035-03-15,4317.683,15798.847,2887.297,10097.779,3199.565,8240.767,1918.918,11080.407,24177.984,11202.466,46460.856
2035-03-16,12766.255,9673.835,1518.651,1658.283,3158.621,1892.363,4022.837,8247.407,20890.301,5553.135,34690.843
2035-03-17,9973.962,5744.145,5593.135,3248.22,2067.087,12282.404,4953.196,11788.968,26286.943,5786.236,43862.148
2035-03-18,1823.412,12047.507,17988.839,3151.217,2529.494,3443.775,4764.584,10918.913,18658.89,16171.024,45748.828
2035-03-19,7025.529,15258.252,4083.153,5433.831,4722.688,1851.914,3615.967,7338.32,8590.329,26062.685,41991.334
2035-03-20,8058.146,3934.856,9021.443,9677.053,617.273,4675.931,4639.812,10414.746,11397.691,18812.077,40624.513
2035-03-21,9538.867,9988.098,6102.567,6884.639,4687.946,3332.019,3910.233,12275.837,19359.347,12809.184,44444.369
2035-03-22,9002.746,11693.143,3857.721,9716.892,3433.564,2435.201,4920.268,2162.228,35303.535,7593.773,45059.536
2035-03-23,21650.523,2104.837,6688.084,5509.211,911.892,8883.499,2920.711,15674.676,25327.034,7667.046,48668.756
2035-03-24,8798.752,7719.096,5686.563,4477.248,2453.75,7882.939,7376.399,22050.715,18356.182,3987.85,44394.748
2035-03-25,2262.043,6559.048,904.699,5761.914,4191.009,11223.441,2973.992,8503.336,17852.391,7520.419,33876.145
2035-03-26,2722.202,21448.321,3492.391,10426.976,2845.719,2571.907,3167.041,15058.404,22288.935,9327.218,46674.557
2035-03-27,6351.433,11619.145,416.89,2484.216,4924.33,7720.765,2737.825,11582.507,14792.398,9879.7,36254.604
2035-03-28,10763.972,10036.313,3585.722,8494.337,1609.057,1880.534,4545.395,11221.903,22227.698,7465.73,40915.331
2035-03-29,12617.198,13208.006,4977.701,3130.911,2176.23,7908.135,804.919,15024.307,23424.98,6373.813,44823.1
2035-03-30,13704.833,19997.173,803.28,7853.547,2352.273,7.19,4839.429,15122.025,26216.16,8219.541,49557.726
2035-03-31,7017.235,10055.727,485.25,11685.863,7942.503,5801.67,1204.087,3605.109,29051.77,11535.455,44192.334
2035-04-01,3144.936,7000.313,6957.706,2001.413,2461.819,5872.075,4216.755,17251.318,13872.045,531.654,31655.016
2035-04-02,4462.026,10223.579,13855.001,11352.116,364.939,2880.001,7354.693,12321.876,19102.573,19067.906,50492.355
2035-04-03,4634.818,1884.212,13138.533,6963.319,8485.109,201.074,5619.572,9942.414,13479.612,17504.611,40926.638
2035-04-04,2506.115,10945.058,8442.546,6973.35,1134.455,860.292,2539.682,4976.082,16228.396,12197.019,33401.496
2035-04-05,11194.462,18678.294,4505.084,5668.875,1712.666,4021.864,3415.31,24670.263,17223.917,7302.375,49196.555
2035-04-06,11127.765,7107.138,1273.414,2345.284,311.333,10290.141,3571.26,16199.814,17546.429,2280.093,36026.336
2035-04-07,2905.113,2493.073,5009.583,3488.956,8954.361,8512.463,8479.119,13024.833,10082.63,16735.205,39842.668
2035-04-08,5208.276,8887.148,2257.595,11335.441,10222.688,2022.003,7356.489,8485.233,23004.45,15799.957,47289.64
2035-04-09,4600.655,5310.045,7678.046,9625.548,2486.352,2097.855,6097.395,10140.669,8446.314,19308.912,37895.896
2035-04-10,10450.301,4014.563,2213.741,3315.545,13866.891,5242.853,7563.021,16841.651,14162.53,15662.733,46666.914
2035-04-11,3292.637,11006.332,1833.069,7413.959,349.81,12322.495,2871.507,7969.124,14650.049,16470.636,39089.808
2035-04-12,4991.344,2849.638,5367.391,3480.293,14027.1,5532.702,1511.823,10879.054,19858.98,7022.258,37760.292
2035-04-13,2440.132,2517.728,3327.556,5475.206,4265.489,6298.91,13477.389,4667.077,20130.657,13004.675,37802.409
2035-04-14,5516.649,5739.005,10376.832,6523.31,4038.831,10620.066,365.921,19758.94,14579.612,8842.06,43180.612
2035-04-15,1548.902,14303.212,1907.428,7093.447,2705.95,711.738,5171.121,14322.96,16983.671,2135.168,33441.798
2035-04-16,7593.142,5545.69,8194.339,2440.678,2314.808,9130.467,6349.069,23289.524,10987.452,7291.216,41568.192
2035-04-17,4658.534,7110.355,5066.323,2948.94,7112.138,2226.809,2871.513,8842.848,7681.903,15469.861,31994.612
2035-04-18,4386.987,1535.19,4086.415,15022.26,11134.899,3224.953,5145.274,7252.472,14042.652,23240.854,44535.978
2035-04-19,3573.012,6601.654,9656.727,6769.589,1442.466,6167.463,3381.442,9923.241,24142.233,3526.878,37592.353
2035-04-20,1796.568,5559.461,6018.296,10032.697,3132.134,3391.758,1394.219,7438.593,16769.305,7117.235,31325.132
2035-04-21,3080.035,8108.493,13928.008,3764.766,3125.258,5412.684,3052.679,23992.237,9119.849,7359.837,40471.923
2035-04-22,6710.539,5797.967,4720.738,7066.073,4381.649,10505.27,4081.716,9395.161,16848.078,17020.713,43263.951
2035-04-23,9926.45,6053.999,911.753,14531.123,3212.146,5623.394,3444.594,10958.108,27072.384,5672.967,43703.458
2035-04-24,3123.898,11014.298,7675.449,8026.913,2745.46,13359.695,1208.075,12115.136,24884.224,10154.429,47153.789
2035-04-25,5997.159,10103.734,3777.701,8401.05,8686.381,4451.212,1620.232,12618.983,15528.036,14890.451,43037.47
2035-04-26,5798.782,7878.557,1447.343,3873.293,8002.727,5683.863,6618.44,6504.949,7309.372,25488.684,39303.005
2035-04-27,10869.25,4112.944,5178.932,6579.309,9076.984,1309.859,696.233,19250.276,16112.993,2460.243,37823.512
2035-04-28,3517.841,11613.714,5497.796,6291.691,2858.118,4704.974,1685.2,15737.475,12324.567,8107.292,36169.335
2035-04-29,2020.432,5659.824,3262.089,8678.554,922.525,8773.964,2451.462,17570.956,10682.294,3515.6,31768.85
2035-04-30,7192.613,16352.594,2791.207,2448.13,964.211,9690.02,1007.872,3608.928,21206.176,15631.542,40446.646
2035-05-01,4617.718,5905.556,9910.418,6949.252,2627.145,2262.866,5890.57,6930.362,15894.868,15338.296,38163.525
2035-05-02,5236.591,11722.974,5482.779,7126.041,7187.704,8226.151,1598.456,19212.578,13409.871,13958.246,46580.695
2035-05-03,2337.084,6473.064,671.71,6050.803,9428.145,1414.256,8025.2,3663.303,23976.975,6759.984,34400.262
2035-05-04,9817.998,2439.467,7890.938,3696.3,8451.126,1068.736,5912.176,11796.785,8481.143,18998.812,39276.74
2035-05-05,12917.176,6077.538,6242.913,3853.731,2155.049,3800.337,6416.637,21185.133,14475.728,5802.519,41463.381
2035-05-06,11838.151,10900.501,2965.373,5478.987,866.011,2994.828,5467.506,11882.119,22299.411,6329.828,40511.358
2035-05-07,3443.865,12663.981,2166.209,4768.997,5562.168,3917.656,4766.19,12975.319,20480.401,3833.346,37289.066
2035-05-08,3111.267,9893.293,2199.245,5858.317,3164.764,1067.554,6776.497,6957.227,21401.69,3712.02,32070.937
2035-05-09,6681.446,14533.428,1524.262,1142.273,98.018,3585.156,3081.789,6452.565,15174.501,9019.305,30646.371
2035-05-10,9002.331,6714.109,3618.1,19139.883,5994.841,2528.894,1366.977,21610.674,25295.449,1459.013,48365.135
2035-05-11,2162.329,4778.226,1742.961,11232.621,12796.806,6541.496,2136.727,6668.439,18953.427,15769.301,41391.167
2035-05-12,9098.866,9437.51,11663.261,4681.298,1495.674,7320.533,2019.747,11570.548,25765.546,8380.796,45716.89
2035-05-13,2564.515,22761.57,404.995,6223.028,890.298,1408.79,7401.317,11206.408,15668.207,14779.899,41654.514
2035-05-14,10004.816,6969.14,4539.774,4509.048,1110.145,15313.211,7277.434,13481.946,31970.16,4271.462,49723.568
2035-05-15,11429.195,2261.217,5961.165,2824.247,9358.4,2735.55,486.082,8898.792,15306.04,10851.023,35055.855
2035-05-16,0.0,0.0,0.0,0.0,0.0,0.0,0.0,0.0,0.0,0.0,0.0
2035-05-17,2359.345,8357.338,7758.145,6102.871,196.608,13845.553,5137.116,15220.728,19780.198,8756.049,43756.974
2035-05-18,3264.702,989.42,8215.527,3430.662,2216.068,9244.665,3996.189,8275.111,16424.778,6657.344,31357.234
2035-05-19,4880.588,18851.065,2797.206,5262.729,1976.352,2917.839,1306.618,12539.225,19108.247,6344.925,37992.397
2035-05-20,15394.266,4855.502,3512.604,7463.48,3141.643,7476.815,7464.424,13557.323,32004.181,3747.229,49308.733
2035-05-21,6071.958,9899.719,4951.51,9070.345,4755.352,3987.344,2708.896,21008.876,12219.35,8216.898,41445.124
2035-05-22,12001.188,12578.545,2212.579,7130.179,1367.291,11449.796,1037.429,6963.153,31430.913,9382.941,47777.007
2035-05-23,2911.24,4851.415,1018.477,3952.226,2797.233,6392.337,10890.419,8519.119,11083.348,13210.88,32813.347
2035-05-24,10459.804,5807.682,13412.607,4994.927,2086.933,1932.841,1816.209,1339.746,29059.154,10112.103,40511.002
2035-05-25,0.0,0.0,0.0,0.0,0.0,0.0,0.0,0.0,0.0,0.0,0.0
2035-05-26,12739.644,5204.637,2011.216,8970.28,10708.319,4585.784,3311.503,16785.742,20989.269,9756.373,47531.383
2035-05-27,5747.126,4012.16,1478.686,6018.39,2264.452,8855.429,1011.367,17281.466,10230.2,1875.945,29387.611
2035-05-28,3400.986,6487.38,703.909,8224.331,5385.712,6525.297,1641.949,7033.68,14859.563,10476.321,32369.563
2035-05-29,15237.483,5173.222,338.526,6939.464,1797.101,2921.959,1142.258,9007.334,7215.285,17327.394,33550.013
2035-05-30,9461.067,14069.717,9270.002,3370.55,1237.246,5189.519,6008.058,22234.457,20031.028,6340.675,48606.159
2035-05-31,3853.828,11071.617,2548.488,1838.814,9301.97,6011.775,13242.237,22822.108,21991.8,3054.822,47868.73
2035-06-01,9380.765,13549.702,879.255,3415.853,3287.078,1179.315,1389.233,5481.103,11767.014,15833.083,33081.2
2035-06-02,6005.81,4124.363,5240.445,8141.931,2417.529,3677.725,7012.428,6450.095,9992.272,20177.865,36620.232
2035-06-03,4710.915,6127.738,2201.64,9566.288,302.68,6327.598,6997.039,17383.172,2934.648,15916.076,36233.896
2035-06-04,10038.671,8513.598,10156.162,7022.791,912.595,3068.725,9161.228,19233.53,8167.668,21472.573,48873.771
2035-06-05,13009.025,4432.026,1622.939,4150.74,2705.431,8233.834,821.925,9830.57,23317.351,1827.999,34975.921
2035-06-06,13621.148,6009.246,418.529,12360.708,5499.289,1257.881,3326.513,15463.43,17278.444,9751.441,42493.314
2035-06-07,4441.695,5661.543,4937.156,8348.949,3053.471,6038.849,2604.543,8019.231,25091.818,1975.156,35086.205
2035-06-08,1907.81,18135.346,4097.321,1213.158,5532.3,4516.269,3366.0,15331.742,12261.547,11174.914,38768.203
2035-06-09,9892.367,5208.235,7596.765,4109.045,2518.296,6025.274,11365.081,19377.721,14448.882,12888.461,46715.063
2035-06-10,2137.453,5216.9,3559.577,13474.589,2076.784,4504.775,1556.206,10205.794,15721.37,6599.119,32526.283
2035-06-11,14937.693,7404.279,813.532,10266.92,1797.944,2568.597,11089.62,23868.008,15923.601,9086.977,48878.586
2035-06-12,264.636,16840.251,4602.909,7857.015,1481.797,5462.26,3616.407,12966.04,26376.165,783.07,40125.274
2035-06-13,10923.721,2419.835,7582.321,5845.847,97.118,16480.97,828.795,12270.882,13850.493,18057.232,44178.606
2035-06-14,2152.173,10364.364,5213.954,3713.906,10119.033,4877.47,2786.225,4502.543,10541.968,24182.615,39227.125
2035-06-15,4362.826,7519.435,8184.192,2519.893,10559.925,1973.691,1952.911,12319.71,18358.707,6394.456,37072.873
2035-06-16,9324.439,3170.81,5011.178,3534.647,2225.452,5029.637,8041.888,8180.08,9568.814,18589.156,36338.05
2035-06-17,5377.942,7180.032,5190.85,4906.031,851.55,8296.742,5071.831,16638.473,14475.724,5760.782,36874.978
2035-06-18,5604.402,12483.053,1250.97,10666.827,10006.581,7561.245,1255.671,18888.011,8612.476,21328.262,48828.749
2035-06-19,4470.596,2679.898,3984.99,15248.238,5535.234,1374.993,10109.247,22578.976,7603.854,13220.366,43403.196
2035-06-20,2620.268,7141.723,11006.804,11190.788,2130.046,7029.721,7285.784,16689.379,23853.179,7862.575,48405.133
2035-06-21,7424.093,6758.098,16248.373,8566.737,1303.56,521.697,5742.351,20298.992,21744.234,4521.682,46564.907
2035-06-22,2249.694,12846.418,2265.264,3689.42,13473.042,1245.327,2671.901,19675.808,11730.116,7035.142,38441.066
2035-06-23,6280.993,12161.006,6962.806,14229.355,140.262,2741.695,1202.244,5305.716,26770.202,11642.443,43718.36
2035-06-24,16765.148,5530.072,5533.928,11195.886,2453.389,2018.959,2410.467,7619.249,23606.159,14682.442,45907.85
2035-06-25,7012.579,3127.218,14349.907,4717.119,3210.953,1047.105,2122.589,6551.618,11902.052,17133.801,35587.47
2035-06-26,8859.181,12052.389,7231.656,2984.619,2465.126,5842.349,417.784,11765.813,18795.359,9291.932,39853.104
2035-06-27,7299.768,8708.96,4064.014,8539.222,7742.642,1341.197,2654.8,11041.221,23098.155,6211.227,40350.603
2035-06-28,7376.133,5124.875,5617.314,14340.363,3889.129,9616.209,1518.897,15178.452,9796.947,22507.519,47482.918
2035-06-29,9331.723,9447.565,3713.545,10790.041,3199.427,2118.215,6365.364,23071.864,12139.321,9754.696,44965.881
2035-06-30,7990.412,7519.897,1838.541,605.891,2478.38,3373.471,12565.823,8370.982,23679.315,4322.119,36372.416
2035-07-01,5500.622,5090.093,13242.297,11552.128,1626.8,9595.749,1768.554,13042.014,18603.153,16731.075,48376.243
2035-07-02,7225.576,7372.692,2125.299,5751.492,9726.011,9822.261,8093.736,9013.558,28639.95,12463.56,50117.068
2035-07-03,6865.701,2990.183,1298.914,4656.739,5479.72,2621.646,17597.396,21678.744,9727.895,10103.66,41510.299
2035-07-04,13553.614,6543.772,8022.179,3020.462,5108.565,4066.261,3779.177,2498.427,16544.407,25051.197,44094.03
2035-07-05,7314.945,3345.939,7579.041,6614.366,8993.807,5671.249,11292.208,17129.908,31582.348,2099.298,50811.554
2035-07-06,20177.939,11429.44,2354.479,9523.927,1768.158,6021.393,926.091,14406.368,30084.973,7710.085,52201.427
2035-07-07,5032.453,11875.416,3891.299,10693.225,2954.18,9803.878,1270.943,14652.082,14263.758,16605.554,45521.394
2035-07-08,8157.979,17650.13,2986.619,11937.812,570.684,2223.389,9349.194,9125.277,25052.856,18697.674,52875.807
2035-07-09,6384.553,21682.838,1594.577,7072.147,3575.06,1405.616,7154.257,16961.0,20903.923,11004.124,48869.047
2035-07-10,12363.705,4423.935,7127.751,6834.562,2764.488,47.209,4884.184,15778.728,8713.027,13954.078,38445.834
2035-07-11,7845.063,11740.059,131.008,7672.766,385.463,11590.235,966.881,18002.511,15019.225,7309.737,40331.474
2035-07-12,17385.716,8219.642,3840.306,3945.842,2245.431,5412.929,826.528,15880.603,23867.402,2128.389,41876.394
2035-07-13,4365.594,7100.539,6726.193,12851.908,6643.808,3356.837,6454.947,29366.531,14736.823,3396.472,47499.826
2035-07-14,11997.58,9585.217,5218.205,4935.085,6146.478,3069.245,6421.049,14473.805,18935.253,13963.801,47372.858
2035-07-15,4820.058,11075.967,2876.788,10394.673,5413.131,3499.106,12635.673,7558.169,38672.682,4484.545,50715.396
2035-07-16,3325.093,13776.32,7838.412,5638.372,2548.317,5538.438,10463.638,13475.471,16891.745,18761.373,49128.59
2035-07-17,10353.528,3486.964,14850.211,4864.128,449.632,10364.641,4247.078,7329.946,28340.482,12945.754,48616.182
2035-07-18,1433.974,11345.312,7683.477,11012.956,4404.72,4509.175,3715.101,7629.529,19786.403,16688.781,44104.714
2035-07-19,1970.418,11877.674,4121.161,13783.523,4304.176,9359.124,5463.604,19065.879,23693.63,8120.17,50879.68
2035-07-20,6305.683,16422.675,5108.341,4977.575,3738.851,7273.243,6028.907,6639.311,18749.322,24466.644,49855.276
2035-07-21,685.517,9438.369,9716.118,1949.697,5009.024,3824.005,4317.122,3388.844,13082.089,18468.919,34939.852
2035-07-22,10515.085,12771.173,4144.356,18851.412,7564.186,1755.842,117.545,8200.391,40120.536,7398.671,55719.599
2035-07-23,7250.646,13194.459,11269.937,5264.591,412.524,6021.794,917.982,23483.202,9240.087,11608.645,44331.934
2035-07-24,2382.4,11749.198,483.705,15031.283,802.441,6589.309,14457.391,11968.234,21289.128,18238.364,51495.726
2035-07-25,1285.897,11468.363,2717.727,10298.372,16109.552,2912.165,5765.847,10286.839,35490.691,4780.393,50557.923
2035-07-26,3707.555,10268.22,11485.513,3478.276,5056.073,8249.098,6331.786,31491.905,14647.177,2437.441,48576.522
2035-07-27,3011.274,14198.058,868.134,6094.101,12992.901,4176.812,1238.179,30948.556,7204.549,4426.355,42579.46
2035-07-28,6283.189,16336.204,1414.839,8408.653,5064.603,2428.456,10874.299,12210.974,29145.828,9453.442,50810.245
2035-07-29,8959.832,17023.153,577.396,5767.106,3773.529,9104.143,2737.501,969.479,18331.417,28641.765,47942.661
2035-07-30,8105.42,12658.54,4766.277,9598.25,4079.172,4335.876,590.335,12244.161,20454.321,11435.387,44133.869
2035-07-31,1687.455,6466.585,4278.514,11436.667,3086.154,11947.366,8577.556,16511.925,23228.126,7740.245,47480.296
2035-08-01,6526.016,11422.269,7830.391,7722.517,1699.929,4955.805,13365.129,23919.438,24692.928,4909.688,53522.054
2035-08-02,9456.384,13659.943,9923.364,11636.169,765.803,7403.703,3672.018,9591.838,27257.918,19667.629,56517.385
2035-08-03,4762.608,8602.765,1337.896,3581.206,9193.384,6970.133,7375.74,17653.848,20248.304,3921.58,41823.732
2035-08-04,6879.967,8119.694,3516.394,3455.872,2757.616,4331.289,3574.484,11980.188,14903.288,5751.841,32635.317
2035-08-05,0.0,0.0,0.0,0.0,0.0,0.0,0.0,0.0,0.0,0.0,0.0
2035-08-06,6101.064,13242.468,1295.856,4297.12,1877.198,5363.262,765.855,3982.522,7575.941,21384.361,32942.824
2035-08-07,1393.494,17352.67,5489.941,8646.87,1570.769,9905.454,933.499,21478.74,9138.236,14675.721,45292.697
2035-08-08,9293.722,14159.614,5556.907,1718.164,5512.009,7549.262,6277.877,9491.475,26229.127,14346.953,50067.555
2035-08-09,10913.322,10324.732,4820.46,20991.3,1694.222,4849.823,1225.683,16726.234,24568.638,13524.671,54819.542
2035-08-10,8002.611,11506.829,1994.31,6761.046,2528.128,17209.124,619.439,17183.349,30796.942,641.196,48621.488
2035-08-11,6017.985,7864.217,13105.81,9295.145,1200.076,9869.975,3339.443,8098.596,32902.747,9691.309,50692.651
2035-08-12,12833.53,9133.854,1727.331,5409.213,5436.221,4100.859,12332.441,27394.756,13893.127,9685.566,50973.45
2035-08-13,7531.334,11307.748,6062.867,6694.17,4458.371,19149.798,3382.371,14574.343,34180.421,9831.894,58586.658
2035-08-14,7657.133,13325.96,9836.94,4943.754,4640.79,5413.759,7405.42,18300.866,17474.893,17447.997,53223.757
2035-08-15,8193.468,5734.127,838.154,7081.559,2543.565,7550.18,8820.012,9535.407,17515.707,13709.951,40761.066
2035-08-16,5169.019,7718.617,5915.653,5364.118,5378.715,8663.445,3432.027,2060.134,27306.755,12274.705,41641.594
2035-08-17,5215.338,4718.984,2292.545,12308.455,1367.808,3647.655,11505.556,12671.358,23190.143,5194.839,41056.34
2035-08-18,1690.888,6851.449,720.044,16257.604,1113.16,9897.622,3413.574,5044.089,13334.007,21566.246,39944.342
2035-08-19,9521.911,17565.307,6575.037,9381.652,3695.538,4203.251,1935.743,22690.267,13539.307,16648.864,52878.438
2035-08-20,12470.123,4708.024,1596.029,7709.196,1862.073,4647.041,5633.359,16729.888,12365.703,9530.254,38625.845
2035-08-21,20201.334,4725.722,6505.858,10758.396,1658.534,6873.156,427.104,22308.031,18472.541,10369.531,51150.103
2035-08-22,9319.378,10722.455,6240.281,6942.797,5349.425,8251.997,731.383,27032.555,11381.504,9143.657,47557.716
2035-08-23,10099.458,6374.527,1431.864,3641.585,14696.878,10253.948,1295.831,3538.871,20649.871,23605.349,47794.091
2035-08-24,9842.067,6493.931,8126.092,10829.912,813.997,3715.268,9326.704,20573.866,24481.682,4092.423,49147.971
2035-08-25,11430.61,16786.081,675.011,1880.141,3638.056,4116.015,4240.796,6642.078,24398.185,11726.446,42766.709
2035-08-26,7766.416,17837.304,3269.584,6596.451,2520.219,5336.686,14138.325,27278.545,17626.997,12559.443,57464.986
2035-08-27,5063.048,11083.036,11089.103,5065.159,5096.246,1271.43,195.111,9990.497,25857.971,3014.666,38863.133
2035-08-28,2860.828,5214.398,2458.327,8567.12,4097.122,6879.768,11735.832,18723.704,15393.364,7696.328,41813.395
2035-08-29,19188.955,5227.753,2140.28,15568.754,2433.389,2489.217,4383.28,17190.938,22338.485,11902.205,51431.628
2035-08-30,5289.9,5386.36,6261.951,6809.507,3944.895,7151.902,9448.481,17523.989,24647.837,2121.17,44292.996
2035-08-31,5307.105,7680.156,3245.709,5700.292,8311.579,6877.597,7965.888,5901.647,32959.802,6226.877,45088.325
2035-09-01,10884.037,11368.133,4826.264,5021.033,5030.146,2022.053,921.524,15921.214,10168.479,13983.497,40073.189
2035-09-02,728.513,9480.134,5467.076,7512.249,4034.641,4056.166,3982.076,14672.556,13130.371,7457.928,35260.856
2035-09-03,8311.315,5971.473,3816.272,11921.688,1435.438,4171.448,2863.714,10987.192,18604.038,8900.118,38491.349
2035-09-04,5360.77,16767.33,10238.963,7576.566,2766.209,5352.365,3805.689,34286.595,8835.551,8745.747,51867.893
2035-09-05,3540.052,3183.676,2488.598,1901.084,1534.647,9922.426,13851.434,14127.552,15681.3,6613.065,36421.917
2035-09-06,14952.012,12338.563,2022.451,4211.589,254.325,2153.03,7353.028,18225.929,16448.646,8610.424,43284.999
2035-09-07,3196.859,12303.69,4126.54,18747.209,2632.186,3765.645,1175.781,5002.534,28294.607,12650.769,45947.91
2035-09-08,9581.681,2807.375,1025.35,8358.008,6009.012,4601.992,5863.227,20976.847,15435.825,1833.971,38246.644
2035-09-09,1876.734,8887.354,1210.501,9606.656,8083.752,11967.818,4094.355,21701.434,16931.454,7094.282,45727.17
2035-09-10,4344.745,17250.506,9337.712,2675.627,5909.863,394.783,7349.38,3215.523,28337.326,15709.768,47262.617
2035-09-11,578.03,15714.793,9506.698,3278.289,2896.898,7461.625,4414.156,18033.644,23158.839,2658.006,43850.489
2035-09-12,5424.723,9947.02,1874.366,15116.373,4213.185,1732.001,2361.736,14636.76,12534.991,13497.655,40669.406
2035-09-13,5301.055,5004.31,5051.823,8114.636,1038.787,4431.729,5036.163,7709.609,18124.597,8144.298,33978.504
2035-09-14,5080.689,9467.58,336.546,7617.471,3702.217,12661.386,9528.553,9435.062,23478.764,15480.616,48394.443
2035-09-15,9281.531,13918.088,3325.243,4659.197,1441.663,3213.871,6837.98,7781.387,30064.53,4831.657,42677.573
2035-09-16,2770.841,13110.323,7308.635,10424.096,2475.777,11142.143,1397.594,10240.304,29467.427,8921.677,48629.408
2035-09-17,1728.769,4486.134,10077.099,7734.26,263.623,4833.801,8457.489,6408.981,24890.889,6281.305,37581.174
2035-09-18,6639.388,2479.692,4182.685,4780.425,3208.247,16492.233,4256.825,17921.329,17068.545,7049.621,42039.496
2035-09-19,4955.612,6511.503,2140.111,7996.772,2920.234,6510.507,3650.882,8500.551,16867.427,9317.642,34685.621
2035-09-20,7126.354,3017.113,8896.049,12259.75,4648.559,848.79,4591.847,16950.946,10449.534,13987.982,41388.462
2035-09-21,7646.273,9612.546,3195.127,4136.773,637.231,3071.569,14467.061,18454.508,9954.981,14357.091,42766.581
2035-09-22,6003.813,3811.198,3374.015,3911.996,8204.484,5649.406,4306.754,7550.417,11917.239,15794.01,35261.666
2035-09-23,8427.927,4701.747,2836.19,4601.478,5308.532,3432.496,14084.773,5241.578,34024.457,4127.107,43393.142
2035-09-24,13526.955,8654.749,1683.442,9055.222,4272.981,4378.605,2124.482,26752.907,11988.875,4954.653,43696.435
2035-09-25,12117.489,5568.456,1596.564,12431.276,2261.865,3954.878,10179.046,24134.001,14016.573,9959.001,48109.575
2035-09-26,8941.487,8538.543,11131.699,3144.894,4934.976,3127.348,6733.495,20030.334,17753.923,8768.185,46552.442
2035-09-27,2640.12,15336.733,3554.411,4905.435,4232.404,3356.97,7855.909,16870.91,20194.832,4816.24,41881.982
2035-09-28,5383.164,8672.654,16996.556,2675.559,1133.221,14401.97,4253.934,26704.803,18544.498,8267.757,53517.058
2035-09-29,0.0,0.0,0.0,0.0,0.0,0.0,0.0,0.0,0.0,0.0,0.0
2035-09-30,13647.248,11050.218,678.666,6604.275,2388.511,7242.165,2834.109,7147.781,17228.109,20069.303,44445.193
2035-10-01,11668.214,6377.286,1139.685,14624.595,1817.648,1644.543,8105.6,15601.146,24483.036,5293.389,45377.571
2035-10-02,2439.193,15286.076,3957.093,5095.841,2801.654,4284.209,7248.588,6970.978,20536.243,13605.433,41112.654
2035-10-03,6459.678,8474.296,5669.643,16745.297,4279.472,7305.113,2292.086,15308.848,31497.646,4419.092,51225.586
2035-10-04,2869.796,13792.859,12078.824,2681.753,1815.476,9289.414,5187.387,20461.64,17437.703,9816.166,47715.51
2035-10-05,0.0,0.0,0.0,0.0,0.0,0.0,0.0,0.0,0.0,0.0,0.0
2035-10-06,9414.146,14798.184,2692.61,9009.217,405.688,5804.988,5916.409,16923.484,26252.84,4864.917,48041.241
2035-10-07,14209.797,4188.946,2078.542,3171.266,747.733,5200.829,1726.279,21290.273,4752.046,5281.074,31323.393
2035-10-08,2027.974,16490.788,2953.935,5719.861,2874.814,5394.449,7476.639,14279.537,23992.71,4666.215,42938.462
2035-10-09,4098.736,8056.035,5180.068,5187.385,5588.079,4860.145,9198.742,26937.224,12241.097,2990.868,42169.189
2035-10-10,2064.566,7916.766,4137.858,6010.314,5952.26,9408.264,5018.298,24913.84,8458.816,7135.67,40508.326
2035-10-11,9958.013,3320.833,5517.197,13018.512,4176.288,1893.369,3434.207,6537.563,27586.704,7194.151,41318.419
2035-10-12,9350.562,4984.108,2555.827,12138.331,3328.281,1840.789,442.612,10513.026,10971.332,13156.151,34640.51
2035-10-13,5158.414,9989.678,1949.623,13258.248,1832.62,6954.773,829.868,18157.321,16690.52,5125.384,39973.225
2035-10-14,3579.078,8468.583,8614.928,8217.047,2551.924,905.543,9685.125,9275.657,17515.542,15231.029,42022.229
2035-10-15,7566.703,5513.895,3222.84,6361.466,4219.418,10878.266,5886.754,8785.688,7919.48,26944.174,43649.342
2035-10-16,10500.864,12344.117,3031.341,2049.35,4268.705,1840.953,1081.734,6028.35,18819.37,10269.343,35117.063
2035-10-17,4484.519,17928.266,1161.384,10554.313,972.413,6540.812,1539.353,11680.587,19379.284,12121.188,43181.06
2035-10-18,8252.328,3772.961,9236.379,6198.771,5903.047,1470.177,2488.205,12241.816,13311.886,11768.166,37321.868
2035-10-19,3423.46,3967.469,6152.91,14720.663,3034.036,5781.201,215.306,16755.553,10786.636,9752.856,37295.046
2035-10-20,3843.287,9282.665,5514.108,2796.733,14700.286,5931.154,1692.409,7106.488,25870.836,10783.319,43760.642
2035-10-21,4888.565,6700.397,3108.731,9624.446,3238.968,852.608,9371.685,9367.492,14418.529,13999.379,37785.399
2035-10-22,9048.943,10307.542,3014.509,4989.022,4062.084,9379.272,411.739,13973.238,24798.535,2441.338,41213.111
2035-10-23,6603.846,8398.94,7078.667,6319.877,1722.034,2698.215,5079.427,26135.572,8298.875,3466.56,37901.006
2035-10-24,11876.313,5820.927,5169.717,2978.027,6439.649,2262.856,4128.478,17553.761,12032.418,9089.788,38675.967
2035-10-25,6323.118,10160.109,3876.28,12903.089,1099.123,10230.39,5914.157,10667.791,26543.13,13295.346,50506.267
2035-10-26,1949.6,21469.284,10067.875,3222.68,5471.607,2314.023,1017.592,24519.201,7685.847,13307.613,45512.661
2035-10-27,9042.676,6515.536,14852.333,3602.641,3167.07,4537.078,3439.85,18825.62,22101.037,4230.528,45157.184
2035-10-28,10359.478,10662.59,3471.355,9355.801,286.635,11026.839,1262.867,19313.76,23855.262,3256.544,46425.566
2035-10-29,2606.076,15849.454,2303.723,7592.908,3909.18,2319.921,4015.645,15707.375,11306.358,11583.172,38596.905
2035-10-30,8811.89,15989.474,558.798,7457.96,1453.729,8697.939,916.988,13817.157,19104.282,10965.34,43886.778
2035-10-31,3913.735,15861.72,2441.925,15218.33,2008.042,2875.547,2289.794,12437.089,18864.527,13307.477,44609.093
2035-11-01,4251.875,25812.838,1447.893,3702.491,2224.613,1045.987,3406.585,14328.996,14853.313,12709.973,41892.282
2035-11-02,6372.275,12535.458,3110.268,5358.305,6379.822,6601.435,1040.191,18636.929,13956.855,8803.97,41397.754
2035-11-03,13014.982,16294.147,855.16,8596.339,3073.013,4033.949,3351.066,16060.527,28243.022,4915.107,49218.655
2035-11-04,2586.841,6456.827,3567.26,4805.869,3774.535,9184.501,960.402,14894.124,8375.222,8066.888,31336.234
2035-11-05,4643.241,5639.367,1893.392,9469.463,1708.601,2160.035,21188.489,19875.416,14216.46,12610.712,46702.588
2035-11-06,9734.194,4383.447,2407.015,4340.719,2363.965,11662.247,1398.888,14236.786,17402.441,4651.248,36290.475
2035-11-07,5544.075,5784.849,4896.108,12183.044,7109.527,7723.934,205.357,20065.187,19489.078,3892.629,43446.894
2035-11-08,6732.266,19930.362,9251.483,4722.841,1133.57,5053.848,1712.857,21046.003,11470.699,16020.527,48537.228
2035-11-09,7254.483,6363.492,3357.676,7035.405,4575.06,5121.644,2822.213,2556.003,18632.791,15341.18,36529.974
2035-11-10,6380.849,10947.082,1438.32,1953.415,1295.295,8884.086,5425.682,6005.995,26772.306,3546.429,36324.73
2035-11-11,1177.76,3646.718,970.994,11554.103,2520.314,14074.712,6345.319,21555.012,10152.938,8581.97,40289.919
2035-11-12,6789.973,11975.234,747.092,7029.375,6170.043,3102.401,1878.953,14444.675,19986.871,3261.524,37693.07
2035-11-13,2530.629,6071.96,6174.116,13853.942,4177.542,837.582,4485.735,17629.267,12752.625,7749.613,38131.505
2035-11-14,4078.208,2665.043,6939.806,2772.527,197.7,20339.027,849.714,7011.506,18395.633,12434.885,37842.025
2035-11-15,9868.088,7012.29,6158.861,6277.444,531.519,11309.286,4549.554,13653.509,24516.33,7537.204,45707.043
2035-11-16,6663.833,5654.266,3259.877,3411.494,3350.785,9995.956,954.207,4717.044,20329.396,8243.978,33290.418
2035-11-17,5957.487,5067.437,2833.152,11983.222,895.8,13785.867,6945.509,5962.503,28134.623,13371.348,47468.474
2035-11-18,4450.695,6496.291,1064.939,7813.972,1388.126,7318.745,3171.873,6182.642,8936.358,16585.641,31704.641
2035-11-19,4272.411,3512.316,4684.444,13467.928,8544.151,9197.495,2005.107,25803.626,6729.879,13150.346,45683.851
2035-11-20,16674.277,8062.573,2355.261,8458.116,2396.846,5113.205,2535.951,14474.292,27600.057,3521.88,45596.23
2035-11-21,2626.299,7944.651,3289.804,16584.893,3093.541,2651.961,1487.936,10217.069,9882.229,17579.787,37679.085
2035-11-22,3774.918,9819.747,7803.49,6119.822,2784.184,14724.491,1737.341,14852.876,22786.529,9124.587,46763.992
2035-11-23,9593.764,16609.131,5270.58,3420.558,871.686,1922.654,1894.898,12759.795,17514.758,9308.718,39583.272
2035-11-24,12343.93,4551.649,4766.599,3106.618,1477.312,6952.116,4250.439,12758.219,14987.462,9702.982,37448.663
2035-11-25,8713.546,8222.051,10214.353,12132.682,2799.917,1172.918,5129.67,15244.966,23947.122,9193.048,48385.137
2035-11-26,4939.42,11671.357,2711.76,7326.312,15800.595,3544.736,3107.124,21907.366,20172.943,7020.995,49101.304
2035-11-27,7624.498,13624.535,11202.693,2780.118,2262.702,6036.232,522.398,15103.703,25594.427,3355.046,44053.176
2035-11-28,7055.158,9246.123,10281.362,6681.069,3296.227,4650.357,1724.25,3416.134,24881.498,14636.914,42934.545
2035-11-29,9223.081,4574.191,2184.002,3156.227,109.77,16999.066,3513.259,20247.418,13955.917,5556.262,39759.596
2035-11-30,5706.948,4590.175,1356.321,9731.817,8433.061,4120.709,1537.505,14492.741,14961.511,6022.284,35476.537
2035-12-01,3619.416,22271.174,1428.868,4228.346,1368.806,7720.315,3340.894,34426.718,3207.953,6343.147,43977.818
2035-12-02,4232.284,9311.511,5282.067,1753.733,770.713,11359.757,5339.686,4286.998,26560.927,7201.826,38049.751
2035-12-03,11648.883,5647.953,1589.458,11392.746,4076.849,1213.867,3987.794,11466.495,24290.956,3800.1,39557.551
2035-12-04,5721.965,12449.701,8765.9,6320.6,4022.591,4773.114,5256.702,12897.661,15070.568,19342.344,47310.573
2035-12-05,5898.224,16918.604,4536.207,12402.654,2840.51,6048.974,132.319,14046.481,28117.093,6613.918,48777.492
2035-12-06,13018.819,7121.613,5441.355,7974.767,734.3,3868.3,3540.592,29710.626,10293.893,1695.226,41699.746
2035-12-07,7579.44,7999.63,4828.447,4482.386,5326.712,6216.572,5636.517,10441.22,30091.976,1536.507,42069.704
2035-12-08,3501.355,9605.819,11456.59,8015.031,3491.526,3550.944,5161.252,12659.837,27527.146,4595.534,44782.516
2035-12-09,8896.105,22917.16,6373.345,6144.376,1099.032,9960.004,1980.571,11998.268,39033.545,6338.781,57370.594
2035-12-10,3844.599,8721.535,1693.892,13712.027,1962.006,7627.132,3495.59,10544.292,12796.396,17716.093,41056.781
2035-12-11,5415.717,8246.2,5822.004,15191.576,1680.717,1688.844,770.576,19842.572,9408.128,9564.935,38815.634
2035-12-12,5883.019,13114.109,3419.803,8348.211,263.772,7258.351,6428.507,5364.23,37736.419,1615.122,44715.772
2035-12-13,3136.983,7683.489,5903.185,4875.014,6614.461,5564.843,2404.561,16191.84,9053.983,10936.712,36182.535
2035-12-14,6754.967,6820.296,5308.318,3999.69,3160.66,9745.406,8804.418,18810.608,17626.514,8156.634,44593.756
2035-12-15,8846.394,5222.493,8756.451,3115.281,271.793,2259.438,5668.753,16512.488,9379.241,8248.874,34140.603
2035-12-16,5556.437,14715.867,357.414,2958.131,1181.178,5449.609,1050.284,4257.11,20839.336,6172.474,31268.919
2035-12-17,5643.661,3791.23,4535.678,21449.842,1697.751,17279.202,1675.613,30626.563,21111.186,4335.229,56072.978
2035-12-18,9857.451,9407.839,4360.995,12983.058,7982.869,2152.021,2392.365,22120.236,24783.079,2233.284,49136.598
2035-12-19,5581.099,17103.771,2499.282,9002.855,868.284,885.46,4336.371,14018.292,18020.349,8238.482,40277.123
2035-12-20,7779.863,5229.319,3801.655,12033.668,4283.014,4720.725,1747.035,11888.505,19082.019,8624.754,39595.279
2035-12-21,9282.66,5111.646,9772.174,7944.026,6706.712,8408.232,6829.859,10527.72,20623.93,22903.66,54055.31
2035-12-22,5528.451,11701.154,5145.529,11007.686,4129.552,10379.031,7237.134,7675.931,31576.566,15876.04,55128.537
2035-12-23,3230.543,12196.169,298.028,11768.479,719.872,5780.081,9362.614,15011.37,22912.595,5431.822,43355.787
2035-12-24,8178.864,9777.237,4444.788,5976.066,5618.002,6276.585,1591.258,10440.235,29367.248,2055.317,41862.799
2035-12-25,9673.941,10878.248,4913.003,12631.674,1458.673,4949.35,5354.778,9347.28,29123.017,11389.37,49859.667
2035-12-26,14128.096,14468.384,3996.52,3682.582,313.162,9850.901,7193.554,24515.954,21349.514,7767.732,53633.2
2035-12-27,3707.75,9656.634,7270.598,11913.988,5109.74,5054.765,1887.979,20116.11,16190.878,8294.467,44601.455
2035-12-28,6400.515,13205.61,3932.04,12878.808,328.72,4865.6,2485.297,8063.036,23420.728,12612.826,44096.59
2035-12-29,21347.71,11849.474,7580.678,2653.64,128.35,8229.854,2990.109,16042.82,22055.035,16681.959,54779.814
2035-12-30,3350.277,5062.136,3990.052,10677.881,696.631,12759.1,5065.436,12078.326,18577.387,10945.8,41601.513
2035-12-31,5128.325,6097.613,7730.928,1587.971,10878.053,3435.178,8688.557,12291.354,23182.211,8073.06,43546.625
